Unnamed: 0,time,Q_D/Q_GBD,Q_e/Q_GBD
0,0.5,0.053503312000000004,0.001995586
1,1.0,0.10344647400000001,0.003933175
2,1.5,0.15318629100000003,0.004172389
3,2.0,0.20240650000000002,0.002302306
4,2.5,0.252090879,0.002173199
5,3.0,0.30173944100000005,0.0018802
6,3.5,0.35142871300000006,0.001832816
7,4.0,0.401470203,0.002196948
8,4.5,0.45171683900000004,0.002770021
9,5.0,0.502013053,0.003288755
10,5.5,0.552298472,0.003667366
11,6.0,0.6025374310000001,0.003892031
12,6.5,0.652808853,0.00402638
13,7.0,0.703202603,0.004162722
14,7.5,0.75376282,0.004393379
15,8.0,0.804519658,0.004834204
16,8.5,0.8555185190000001,0.005592076
17,9.0,0.906803231,0.006731426
18,9.5,0.958417198,0.00826909
19,10.0,1.010434746,0.0101750176399946
20,10.5,1.0629862884059549,0.012374139
21,11.0,1.1162560620000002,0.0147720417007803
22,11.5,1.1704906556755306,0.017346894
23,12.0,1.2260293222963812,0.0202886313199996
24,12.5,1.283315722,0.024024621
25,13.0,1.342887777,0.0290329791605472
26,13.5,1.4053868226706983,0.035580549
27,14.0,1.4716133040000001,0.043671675
28,14.5,1.542671268,0.053436007
29,15.0,1.6201423779129982,0.065500565
30,15.5,1.7061439335346222,0.080711082
31,16.0,1.8034562081098557,0.100263812
32,16.5,1.9159527957439424,0.1257609277963638
33,17.0,2.048148971796036,0.1587460190057754
34,17.5,2.2051195204257965,0.2010585367679596
35,18.0,2.394933986663818,0.2552062273025512
36,18.5,2.626673138141632,0.3235293626785278
37,19.0,2.914514207839966,0.4130728840827942
38,19.5,3.277509164810181,0.5341144800186157
39,20.0,3.7369478940963745,0.6978995203971863
40,20.5,4.3221600532531745,0.9171839356422424
41,21.0,5.054451799000001,1.1984050273895264
42,21.5,5.97708215713501,1.5588136911392212
43,22.0,7.137442779541016,2.026013135910034
44,22.5,8.570631504058838,2.6174750328063965
45,23.0,10.327713775634766,3.360828399658203
46,23.5,12.473712539672851,4.286399841308594
47,24.0,15.082969093322754,5.433457374572754
48,24.5,18.215174865722656,6.841264724731445
49,25.0,21.880016326904297,8.510172843933105
50,25.5,26.049961853027344,10.431463241577148
51,26.0,30.652764892578126,12.617466926574709
52,26.5,35.58813705444336,15.009368896484377
53,27.0,40.48664016723633,17.420495986938477
54,27.5,45.19698715209961,19.72279167175293
55,28.0,49.6648452758789,22.13559913635254
56,28.5,52.310220336914064,23.73873519897461
57,29.0,52.40735092163086,24.099903106689453
58,29.5,51.76348037719727,23.891862869262695
59,30.0,49.68902969360352,23.03316879272461
60,30.5,48.13155059814453,21.939712524414062
61,31.0,49.30017242431641,21.181264877319336
62,31.5,50.64025726318359,21.78322982788086
63,32.0,49.88271255493164,21.407936096191406
64,32.5,47.35245513916016,20.29943848
65,33.0,43.991276550292966,19.28301429748535
66,33.5,39.09628067016602,17.29799461364746
67,34.0,35.65851058959961,15.27932071685791
68,34.5,31.991471481323238,13.216510772705078
69,35.0,28.846893310546875,11.884275436401367
70,35.5,26.46257095336914,11.043058395385742
71,36.0,25.17658576965332,10.431244850158691
72,36.5,24.16882743835449,9.781089782714844
73,37.0,23.652505111694335,9.359481811523438
74,37.5,23.13932991027832,9.174330711364746
75,38.0,22.83738021850586,8.950928688049316
76,38.5,22.783078765869142,8.960651397705078
77,39.0,22.582275772094725,8.848208427
78,39.5,22.638854217529296,8.720871925354004
79,40.0,22.36975098,8.378590584
80,40.5,22.57678680419922,8.319032669067383
81,41.0,22.42691002,8.131409645080566
82,41.5,22.621738815307616,8.153639793395996
83,42.0,23.174302291870116,8.395318984985352
84,42.5,23.545639038085938,8.560392379760742
85,43.0,24.268597412109376,8.812397003173828
86,43.5,25.053702926635747,8.998226165771484
87,44.0,25.6396469116211,9.109807014465332
88,44.5,25.796488952636718,8.965966225
89,45.0,25.96729278564453,8.739093780517578
90,45.5,26.020909118652344,8.594657897949219
91,46.0,26.12729415893555,8.620486259
92,46.5,26.22948875427246,8.749072074890137
93,47.0,26.557385635375976,9.09190273284912
94,47.5,27.764057159423828,9.846804619
95,48.0,28.94193344116211,10.350245475769045
96,48.5,30.09053955078125,10.578978538513184
97,49.0,31.208904647827147,10.779274940490724
98,49.5,32.13813705444336,10.993318557739258
99,50.0,32.82711982727051,11.04734230041504
100,50.5,33.82613067626953,11.217918395996094
101,51.0,35.462855911254884,11.754465103149414
102,51.5,36.40832176208496,12.099321365356444
103,52.0,38.234221649169925,12.88315486907959
104,52.5,40.05433273,13.882734298706056
105,53.0,42.17899780273437,14.931317329406738
106,53.5,44.06884536743164,16.129791259765625
107,54.0,46.09734191894531,17.309768676757812
108,54.5,47.649775695800784,17.87683868408203
109,55.0,50.01787567138672,18.47538948059082
110,55.5,51.878754425048825,18.824329376220703
111,56.0,53.173902130126955,19.009544372558594
112,56.5,54.34297409057617,19.431352615356445
113,57.0,55.48163528442383,20.102170944213867
114,57.5,54.90731048583984,20.094993591308594
115,58.0,56.256466674804685,20.531784057617188
116,58.5,54.12924346923828,19.937034606933594
117,59.0,51.46534957885742,19.11540412902832
118,59.5,46.846186828613284,17.366933822631836
119,60.0,40.61157227,14.509481430053713
120,60.5,37.56136207580566,13.212672233581545
121,61.0,35.392537689208986,12.388282775878906
122,61.5,33.32492294311523,11.68580722808838
123,62.0,32.13425750732422,11.163442611694336
124,62.5,31.592100143432617,10.951541900634766
125,63.0,30.767931747436524,10.470486640930176
126,63.5,30.305581665039064,10.182405471801758
127,64.0,29.48956718444824,9.797317504882812
128,64.5,29.20852584838867,9.80174160003662
129,65.0,28.37063980102539,9.529353141784668
130,65.5,27.856737899780274,9.281290054321287
131,66.0,27.795362091064455,9.144362449645996
132,66.5,27.215862655639647,8.918968200683594
133,67.0,26.960231018066406,8.681615829467773
134,67.5,27.271848678588867,8.771418571472168
135,68.0,27.945875930786134,8.963659286499023
136,68.5,28.663201904296876,9.159552574157717
137,69.0,28.922146224975585,9.054686546325684
138,69.5,29.22590560913086,8.983770370483398
139,70.0,29.43593978881836,8.928595542907715
140,70.5,29.494211959838868,9.019585609436035
141,71.0,29.197253799438478,8.946213722229004
142,71.5,28.870979690551763,8.801283836364746
143,72.0,28.279084396362304,8.648988723754883
144,72.5,27.890043258666992,8.292991638183594
145,73.0,27.852913665771485,8.092134475708008
146,73.5,28.1019645690918,8.212386131286621
147,74.0,28.12832107543945,8.220112800598145
148,74.5,27.976695251464843,8.115412712097168
149,75.0,27.669218063354492,7.997763633728027
150,75.5,26.87873916625977,7.723923683166504
151,76.0,26.800075149536134,7.67098856
152,76.5,26.898144149780272,7.843167304992676
153,77.0,27.03868408203125,8.091004371643066
154,77.5,27.05992126464844,8.121499061584473
155,78.0,27.412857818603516,8.136456489562988
156,78.5,27.677522277832033,8.144317626953125
157,79.0,27.875528717041014,8.275760650634766
158,79.5,28.037421417236327,8.333057403564453
159,80.0,28.09010124206543,8.321533203
160,80.5,28.59435157775879,8.480332374572754
161,81.0,28.91355094909668,8.619731903076172
162,81.5,29.741049194335936,8.871364594
163,82.0,30.657624435424808,9.231009483337402
164,82.5,31.525615692138672,9.535318374633787
165,83.0,32.17080192565918,9.765381813049316
166,83.5,32.466865158081056,9.866750717163086
167,84.0,32.59622230529785,9.959982872009276
168,84.5,32.74536056518555,10.055423736572266
169,85.0,32.777931213378906,10.128209114074709
170,85.5,32.837393569946286,10.078234672546388
171,86.0,32.81029090881348,9.968626022338867
172,86.5,32.76000633239746,9.941518783569336
173,87.0,32.9199878692627,10.034770011901855
174,87.5,33.23555946350098,10.215795516967772
175,88.0,33.81849365234375,10.356204986572266
176,88.5,34.92977104187012,10.751946449279783
177,89.0,36.46011581420898,11.390336036682127
178,89.5,37.512440872192386,11.854031562805176
179,90.0,38.348968505859375,12.16991138458252
180,90.5,38.74622993469238,12.310691833496094
181,91.0,39.304639434814455,12.604304313659668
182,91.5,40.120849990844725,13.036384582519531
183,92.0,41.13684196472168,13.510648727416992
184,92.5,41.91603469848633,13.914474487304688
185,93.0,42.89993743896484,14.367412567138672
186,93.5,43.22133026123047,14.589232444763184
187,94.0,44.77620162963867,15.180177688598633
188,94.5,44.763484191894534,15.051647186279297
189,95.0,45.08454513549805,14.932806968688965
190,95.5,45.06682662963867,14.780430793762209
191,96.0,45.82795867919922,14.689874649047852
192,96.5,45.09070816040039,14.29139804840088
193,97.0,43.90698165893555,13.851520538330078
194,97.5,42.96475601196289,13.40494441986084
195,98.0,42.95860748291015,13.209470748901367
196,98.5,43.57959899902344,13.570053100585938
197,99.0,44.230604553222655,13.898221015930176
198,99.5,44.476409149169925,13.94344711303711
199,100.0,44.62875747680664,13.805420875549316
200,100.5,44.589535522460935,13.66550636291504
201,101.0,44.33062896728516,13.518193244934082
202,101.5,41.948311233520506,12.68188190460205
203,102.0,40.71688766479492,11.832883834838867
204,102.5,41.19328308105469,11.635638236999512
205,103.0,41.484629440307614,11.619391441345217
206,103.5,42.80139694213867,11.83809757232666
207,104.0,44.34750213623047,12.349427223205566
208,104.5,46.34904403686524,12.972728729248049
209,105.0,47.94499969482422,13.523297309875488
210,105.5,47.85527877807617,13.498212814331056
211,106.0,47.94518814086914,13.89892578
212,106.5,47.078443908691405,13.717714309692385
213,107.0,47.11981887817383,13.766803741455078
214,107.5,46.33348846435547,13.418656349182127
215,108.0,45.819664759999995,13.30639648
216,108.5,44.05774459838867,12.760939598083496
217,109.0,42.624702835083006,12.436156272888184
218,109.5,41.54901428222656,12.306462287902832
219,110.0,41.456979751586914,12.446249008178713
220,110.5,40.92144470214844,12.366703987121582
221,111.0,41.52086982727051,12.42046833
222,111.5,42.255058670043944,12.476651191711426
223,112.0,42.812792970000004,12.583292007446287
224,112.5,43.333248138427734,12.66070843
225,113.0,44.11834030151367,12.996597290039062
226,113.5,44.40778503417969,13.182531356811523
227,114.0,45.21792068481445,13.444908142089844
228,114.5,45.42269439697266,13.227460861206056
229,115.0,45.92876434326172,13.219717025756836
230,115.5,46.25724487304687,13.118484497070312
231,116.0,46.45263442993164,13.206873893737791
232,116.5,47.613111877441405,13.61057949066162
233,117.0,47.85230941772461,13.493693351745604
234,117.5,48.248348236083984,13.789548873901367
235,118.0,47.63001327514648,13.708106994628906
236,118.5,47.146401977539064,13.67143726348877
237,119.0,46.631327056884764,13.672333717346191
238,119.5,45.75573654174805,13.371910095214844
239,120.0,45.14881134033203,13.223073959350586
240,120.5,44.84785537719726,13.007821083068848
241,121.0,44.19225845336914,12.60845947265625
242,121.5,43.35867347717285,12.322769165039062
243,122.0,43.11169929504395,12.235359191894531
244,122.5,42.13033103942871,11.866128921508787
245,123.0,41.264488983154294,11.701648712158203
246,123.5,41.38827857971191,11.833629608154297
247,124.0,41.308031463623045,11.766743659973145
248,124.5,41.35579223632813,11.607096672058104
249,125.0,40.64396858215332,11.065869331359863
250,125.5,41.78979568481445,11.531932830810549
251,126.0,41.877889251708986,11.489656448364258
252,126.5,42.21611442565918,11.698824882507324
253,127.0,42.59064407348633,11.74707031
254,127.5,42.99557304382324,11.735095977783203
255,128.0,43.5576732635498,11.984452247619627
256,128.5,44.17898521,12.33428955078125
257,129.0,45.598219299316405,12.842985153198242
258,129.5,45.789302062988284,12.866336822509766
259,130.0,46.96527099609375,13.360673904418944
260,130.5,47.607147979736325,13.713752746582031
261,131.0,48.6,14.148377418518066
262,131.5,50.06598129272461,14.744596481323242
263,132.0,50.61219711303711,14.68528175354004
264,132.5,53.16221237182617,15.68256664276123
265,133.0,54.96269302368164,16.597919464111328
266,133.5,57.38490447998047,17.485958099365234
267,134.0,60.38810195922851,18.983057022094727
268,134.5,63.97856826782227,20.257699966430664
269,135.0,65.64070892333984,20.631057739257812
270,135.5,67.55487137,21.27655792236328
271,136.0,69.93008193969726,22.249242782592773
272,136.5,69.76544036865235,22.338376998901367
273,137.0,70.83909530639647,22.979772567749023
274,137.5,70.16426467895508,22.82234764099121
275,138.0,71.16365127563476,23.11005401611328
276,138.5,70.64287338256835,23.141571044921875
277,139.0,71.39029541015626,23.73774528503418
278,139.5,71.11466903686524,24.12835693359375
279,140.0,69.99670791625977,24.120792388916016
280,140.5,68.2261245727539,23.417633056640625
281,141.0,65.53516540527343,22.651432037353516
282,141.5,64.21451797485352,22.494104385375977
283,142.0,64.53717346191407,22.43684959411621
284,142.5,64.62701797485352,22.44208526611328
285,143.0,63.92512969970703,21.955169677734375
286,143.5,62.47204360961914,21.61271095275879
287,144.0,59.86786880493164,20.223905563354492
288,144.5,58.83817977905274,19.847749710083008
289,145.0,56.59650039672851,18.775615692138672
290,145.5,53.52613143920898,17.093660354614258
291,146.0,52.48790512084961,15.79192829
292,146.5,50.95403137207031,14.588733673095703
293,147.0,50.64699096679688,14.02509880065918
294,147.5,49.95399094,13.795157432556152
295,148.0,48.214299011230466,13.129890441894531
296,148.5,46.78385887145996,12.415474891662598
297,149.0,45.12751426696777,11.778203964233398
298,149.5,44.55744094848633,11.53482437133789
299,150.0,43.123605728149414,10.884904861450195
300,150.5,43.26469688415527,10.954469680786133
301,151.0,43.39698753356934,10.888633728027344
302,151.5,43.30323829650879,10.837342262268066
303,152.0,42.89369506835938,10.67715835571289
304,152.5,43.37536811828613,10.93153953552246
305,153.0,44.23240737915039,11.221267700195312
306,153.5,44.84593925476075,11.582599639892578
307,154.0,45.14950408935547,11.645200729370115
308,154.5,47.278845977783206,12.468207359313965
309,155.0,48.80913543701172,12.957590103149414
310,155.5,50.053314971923825,13.27690887451172
311,156.0,52.190206146240236,13.99013328552246
312,156.5,53.61350098,14.592324256896973
313,157.0,54.617312622070315,14.831273078918455
314,157.5,56.07289505004883,15.462702751159668
315,158.0,57.25077133178711,15.827564239501951
316,158.5,57.583760833740236,15.844930648803713
317,159.0,57.47198715209961,15.769783973693848
318,159.5,56.50025482177735,15.661298751831056
319,160.0,55.90396881103515,15.235861778259276
320,160.5,55.838619995117185,15.156390190124512
321,161.0,55.25804290771485,14.91281509399414
322,161.5,56.15601196289063,15.226882934570312
323,162.0,56.90466995239258,15.391014099121094
324,162.5,56.27177047729492,14.969582557678224
325,163.0,55.977814483642575,15.065252304077148
326,163.5,55.79869613647461,15.199286460876465
327,164.0,56.74399032592774,15.919650077819824
328,164.5,56.626025389999995,16.022171020507812
329,165.0,56.95473861694336,16.061872482299805
330,165.5,59.14514236450195,17.099628448486328
331,166.0,58.87264404296875,16.73392677307129
332,166.5,60.14194717407227,17.05716323852539
333,167.0,61.85953445,17.65540123
334,167.5,62.41087723,17.59864616394043
335,168.0,64.64301758,18.40079689025879
336,168.5,66.41353378295898,19.044403076171875
337,169.0,66.94127502441407,19.27277374267578
338,169.5,67.07852859,19.63152503967285
339,170.0,66.60053253173828,19.629379272460938
340,170.5,67.29808502197265,20.553281784057617
341,171.0,66.92754898071288,20.625293731689453
342,171.5,65.53095092773438,20.132570266723633
343,172.0,64.19314498901367,19.45018768310547
344,172.5,61.20328140258789,17.96065330505371
345,173.0,60.717846679999994,17.781444549560547
346,173.5,59.06950912475586,17.025487899780273
347,174.0,57.83122863769532,16.69463539123535
348,174.5,57.09197158813477,16.35034942626953
349,175.0,56.28126525878906,15.96507167816162
350,175.5,56.0175064086914,15.878628730773926
351,176.0,55.78214797973633,15.832797050476074
352,176.5,56.25177612304688,16.032556533813477
353,177.0,56.94763870239258,16.179302215576172
354,177.5,56.99246597290039,15.860906600952148
355,178.0,57.668003845214855,15.819818496704102
356,178.5,56.23731002807617,15.184388160705566
357,179.0,55.64003601074219,14.943596839904783
358,179.5,56.20595474243164,14.989529609680176
359,180.0,56.878273010253906,14.88197898864746
360,180.5,57.30196838378906,15.060925483703612
361,181.0,58.15305862426758,15.29738712310791
362,181.5,59.26264801025391,15.855388641357422
363,182.0,61.26383133,16.700973510742188
364,182.5,61.62493515014648,16.54782485961914
365,183.0,63.82791595458984,17.279170989990234
366,183.5,64.42178497314453,17.337190628051758
367,184.0,64.54200973510743,16.977373123168945
368,184.5,65.80850524902344,17.144168853759766
369,185.0,66.96437454223633,17.88355064
370,185.5,68.14392547607422,18.334148406982425
371,186.0,70.23245010375976,19.328216552734375
372,186.5,70.8824676513672,19.688337326049805
373,187.0,72.41088409423828,20.383485794067383
374,187.5,72.03136444091797,20.680849075317383
375,188.0,71.83942489624023,20.48296356201172
376,188.5,70.45111618041992,19.987716674804688
377,189.0,68.88892974853515,19.368316650390625
378,189.5,68.13505477905274,19.27779960632324
379,190.0,66.67847442626953,18.65823745727539
380,190.5,64.6821678161621,18.20256805419922
381,191.0,64.73698577880859,18.179136276245117
382,191.5,65.50440826416016,18.224695205688477
383,192.0,66.80004425048828,18.63947296142578
384,192.5,68.4930191040039,19.432514190673828
385,193.0,70.68948822021486,20.357316970825195
386,193.5,71.82286987304687,20.901872634887695
387,194.0,72.80393066,21.134918212890625
388,194.5,71.78154297,20.561180114746097
389,195.0,72.19981384277344,20.82356834411621
390,195.5,71.92774276733398,20.79562759399414
391,196.0,70.48674163818359,20.195743560791016
392,196.5,70.69043197631837,20.20659446716309
393,197.0,70.53723449707032,20.435827255249023
394,197.5,68.28471755981445,19.482582092285156
395,198.0,66.27491073608398,18.48123550415039
396,198.5,64.50158462524413,17.986494064331055
397,199.0,63.46715393066407,17.708145141601562
398,199.5,60.42762680053711,16.40361976623535
399,200.0,59.13002014160156,15.638980865478516
400,200.5,58.05678253173828,14.968462944030762
401,201.0,56.742898559570314,14.351409912109377
402,201.5,56.45068969726563,14.08230972290039
403,202.0,56.30853958129883,13.961102485656738
404,202.5,55.01926040649414,13.18741512298584
405,203.0,54.83039932250976,12.938547134399414
406,203.5,54.249490356445314,13.023552894592283
407,204.0,54.09438171386719,13.13596248626709
408,204.5,52.52282638549805,12.72311782836914
409,205.0,52.06315994262695,12.616443634033203
410,205.5,50.93241195678711,12.25573444366455
411,206.0,51.09995994567871,12.467524528503418
412,206.5,50.861914060000004,12.379715919494627
413,207.0,50.83250732421875,12.41310691833496
414,207.5,51.31542205810547,12.560654640197754
415,208.0,51.70447998046875,12.770560264587402
416,208.5,52.20536766052246,12.936570167541504
417,209.0,53.12971343994141,13.432934761047363
418,209.5,52.986907196044925,13.472280502319336
419,210.0,52.22379684448242,13.195892333984377
420,210.5,51.85315589904785,13.029088020324709
421,211.0,52.13348541259766,13.069425582885742
422,211.5,51.97221221923829,12.801033020019531
423,212.0,52.4534294128418,12.983980178833008
424,212.5,53.460479736328125,13.357832908630373
425,213.0,54.33871154785156,13.800800323486328
426,213.5,54.877027130126955,13.751680374145508
427,214.0,55.9769043,14.122173309326172
428,214.5,56.20877380371094,14.279662132263184
429,215.0,57.60529708862305,14.644574165344238
430,215.5,58.679222869873044,15.012847900390623
431,216.0,59.190606689453126,15.154308319091797
432,216.5,60.11594238000001,15.522415161132812
433,217.0,60.04383773803711,15.542953491210938
434,217.5,62.12972259521485,16.50343132019043
435,218.0,63.51688079833984,17.43155860900879
436,218.5,64.01292572021485,17.539331436157227
437,219.0,65.37965621948243,18.383548736572266
438,219.5,66.30339736938477,18.88341522216797
439,220.0,67.13824081420898,19.318117141723633
440,220.5,67.61566619873047,19.640377044677734
441,221.0,68.1065918,19.78918457
442,221.5,67.62675323486329,19.47295379638672
443,222.0,67.37409896850586,18.929149627685547
444,222.5,67.7556381225586,18.871458053588867
445,223.0,69.33420639038086,19.443998336791992
446,223.5,69.44579467773437,19.387592315673828
447,224.0,69.58332290649415,19.08461570739746
448,224.5,68.17697830200196,18.021486282348633
449,225.0,67.66581726074219,17.436691284179688
450,225.5,67.42495040893554,17.198816299438477
451,226.0,68.2293487548828,17.180904388427734
452,226.5,69.07059326171876,17.247533798217773
453,227.0,70.02967758178711,17.296857833862305
454,227.5,68.85999298095703,16.60729217529297
455,228.0,69.72391967773437,16.892311096191406
456,228.5,69.19192657470703,16.756608963012695
457,229.0,69.37408676147462,17.09937858581543
458,229.5,68.04465408325196,16.97980499267578
459,230.0,67.05230712890625,16.739906311035156
460,230.5,67.02714233398437,16.764070510864258
461,231.0,66.00009307861328,16.67590332
462,231.5,65.68051758,16.589832305908203
463,232.0,63.88484497070313,15.684222221374512
464,232.5,63.14603042602539,15.29894733428955
465,233.0,61.23984222412109,14.61496925354004
466,233.5,61.62336883544922,14.811481475830078
467,234.0,61.13373413085938,14.402786254882812
468,234.5,60.86804885864258,14.488760948181152
469,235.0,59.65122985839844,14.090038299560549
470,235.5,57.92051391601562,13.571953773498535
471,236.0,55.184711070000006,12.529038429260254
472,236.5,53.57265129089356,11.564252853393556
473,237.0,52.088557434082034,11.027399063110352
474,237.5,50.64147186279297,10.211376190185549
475,238.0,50.66932563781738,10.249381065368652
476,238.5,50.64191589355469,10.175549507141112
477,239.0,50.807693862915045,10.33539104
478,239.5,50.50251502990723,10.36495304107666
479,240.0,50.40670585632324,10.25209617614746
480,240.5,50.59011726379394,10.237399101257324
481,241.0,50.64536247253418,10.075504302978516
482,241.5,50.5348877,9.81298542
483,242.0,51.43098373413086,9.957624435424805
484,242.5,51.76937675476074,10.089489936828612
485,243.0,52.09402732849121,10.081136703491213
486,243.5,52.915710067749025,10.076247215270996
487,244.0,54.426393890380865,10.387235641479492
488,244.5,55.35355682373047,10.480693817138672
489,245.0,57.21815109,11.022249221801758
490,245.5,58.82233505249023,11.686949729919434
491,246.0,60.75806198120117,12.39084243774414
492,246.5,63.770841979980474,13.567877769470217
493,247.0,66.32290573120117,14.541382789611816
494,247.5,68.60772705078125,15.412824630737305
495,248.0,70.71308975219726,16.16095542907715
496,248.5,72.15177688598632,16.72435951
497,249.0,74.26022186279297,17.485750198364258
498,249.5,76.33891602,18.18486785888672
499,250.0,77.30254745483398,18.707271575927734
500,250.5,77.36176376342773,18.669281005859375
501,251.0,76.60373458862304,18.128414154052734
502,251.5,75.93371047973633,17.652494430541992
503,252.0,76.56244201660157,18.092626571655273
504,252.5,76.16300964355469,18.28710365
505,253.0,75.03663330078125,17.899694442749023
506,253.5,75.4227081298828,18.267404556274418
507,254.0,75.18965377807618,18.232595443725582
508,254.5,76.27569122314453,18.86777114868164
509,255.0,77.08284378051758,19.537811279296875
510,255.5,77.55840377807617,19.996313095092773
511,256.0,77.01705703735352,19.94078063964844
512,256.5,77.58188858032227,20.36519432067871
513,257.0,76.55388184,20.08869743347168
514,257.5,75.14281463623047,19.565614700317383
515,258.0,73.01996307373047,18.385400772094727
516,258.5,70.56635437011718,17.366573333740234
517,259.0,70.39971008300782,17.03143310546875
518,259.5,67.77860946655274,16.06290054321289
519,260.0,68.49797058105469,16.331954956054688
520,260.5,67.05344467163086,15.992971420288086
521,261.0,67.81566009521485,16.532272338867188
522,261.5,67.51549377441407,16.35370445251465
523,262.0,67.72672195000001,16.27758217
524,262.5,66.67023086547852,15.898173332214355
525,263.0,66.81200485229492,15.858933448791504
526,263.5,67.47349319458007,16.108816146850586
527,264.0,67.2393898010254,16.256074905395508
528,264.5,68.16187973022461,16.358291625976562
529,265.0,67.9339370727539,16.424541473388672
530,265.5,67.85193328857422,16.229658126831055
531,266.0,66.64820251464843,15.732169151306152
532,266.5,66.97390594482422,15.852842330932615
533,267.0,66.10156173706055,15.574857711791992
534,267.5,66.64964676,16.10929298400879
535,268.0,67.74847488,16.58552360534668
536,268.5,69.08949813842773,17.417490005493164
537,269.0,70.80348052978515,17.813148498535156
538,269.5,73.89042587280274,18.94677162
539,270.0,76.21786117553711,20.219234466552734
540,270.5,78.53995208740234,21.58732795715332
541,271.0,81.3798614501953,22.73499870300293
542,271.5,83.9249252319336,23.808547973632812
543,272.0,84.87562866210938,23.785734176635746
544,272.5,86.71443939208984,24.554994583129883
545,273.0,87.26284103393554,24.847320556640625
546,273.5,85.79926452636718,24.23531723022461
547,274.0,84.08050765991212,23.906625747680664
548,274.5,80.2548439025879,22.896089553833008
549,275.0,74.99710464477539,20.822288513183594
550,275.5,69.7711685180664,18.59705352783203
551,276.0,65.90909348,17.111812591552734
552,276.5,62.399931335449224,15.81302261352539
553,277.0,60.17977066040039,14.971141815185549
554,277.5,58.150455474853516,13.619077682495115
555,278.0,58.00513534545898,13.412925720214844
556,278.5,57.77468070983887,13.053715705871582
557,279.0,58.20333328247071,12.647831916809082
558,279.5,58.61732025146485,12.56995677947998
559,280.0,58.53667068481445,11.995156288146973
560,280.5,58.55458145141601,11.723238945007324
561,281.0,58.470901107788094,11.480399131774902
562,281.5,57.13701667785645,10.95097541809082
563,282.0,56.75412864685059,10.744879722595217
564,282.5,56.58991813659668,10.53654956817627
565,283.0,56.54096107,10.585880279541016
566,283.5,56.95493087768555,10.666585922241213
567,284.0,57.29444732666016,10.812899589538574
568,284.5,57.406497192382815,10.607990264892578
569,285.0,58.153507232666016,10.71374512
570,285.5,58.76204566955566,11.007996559143066
571,286.0,59.038003540039064,11.15222454071045
572,286.5,59.255398178100585,11.619305610656738
573,287.0,58.738942337036136,11.874656677246094
574,287.5,58.26474380493164,11.662525177001951
575,288.0,58.151778030395505,11.657970428466797
576,288.5,57.923278427124025,11.724302291870115
577,289.0,57.82164039611817,11.829398155212402
578,289.5,57.889229965209964,11.760497093200684
579,290.0,57.24205017089844,11.402352333068848
580,290.5,56.707800674438474,11.00936222076416
581,291.0,56.503722763061525,10.78027629852295
582,291.5,56.81300201416016,10.759098052978516
583,292.0,56.41190452575684,10.505423545837402
584,292.5,56.97088432312012,10.548344612121582
585,293.0,56.66278915405273,10.271198272705078
586,293.5,57.016763305664064,10.417499542236328
587,294.0,56.65152397155762,10.253188133239746
588,294.5,57.10686607,10.623451232910156
589,295.0,56.52568244934082,10.49321460723877
590,295.5,56.76133422851562,10.684085845947266
591,296.0,56.32723197937012,10.573948860168455
592,296.5,55.833139801025396,10.21048069000244
593,297.0,55.60059852600098,9.970398902893066
594,297.5,55.40662384033203,9.900977135
595,298.0,55.5535629272461,9.813882827758787
596,298.5,55.89241752624512,9.708865166
597,299.0,57.07476081848145,10.077021598815918
598,299.5,58.69841690063477,10.710509300231934
599,300.0,60.469181060791016,11.190559387207031
600,300.5,62.08617095947265,11.747279167175291
601,301.0,63.60986862182617,12.303711891174316
602,301.5,64.36832656860352,12.846535682678224
603,302.0,64.76562042236328,13.120893478393556
604,302.5,63.98456954956055,12.835317611694336
605,303.0,63.47056274414062,12.616334915161133
606,303.5,63.275464630126955,12.435068130493164
607,304.0,62.52277984619141,12.093513488769531
608,304.5,61.81698150634766,11.620393753051758
609,305.0,62.158254623413086,11.750444412231444
610,305.5,62.37094001770019,12.05223560333252
611,306.0,62.78294143676758,12.318337440490724
612,306.5,63.15620651245118,12.76565933227539
613,307.0,63.81273574829102,13.20553970336914
614,307.5,64.11593246459961,13.467514991760254
615,308.0,64.44717102050781,13.584383010864258
616,308.5,64.83807144165038,13.633788108825684
617,309.0,64.92169418334962,13.668670654296877
618,309.5,65.05247421264649,13.740110397338867
619,310.0,66.14972686767578,14.16805934906006
620,310.5,68.14578323364258,15.062644004821776
621,311.0,69.52059707641601,15.478241920471191
622,311.5,71.2547821044922,16.19060707092285
623,312.0,72.26931304931641,16.332796096801758
624,312.5,73.27293395996094,16.24894142150879
625,313.0,73.5384910583496,15.817997932434082
626,313.5,75.09943542480468,16.080951690673828
627,314.0,75.12192001342774,15.95936679840088
628,314.5,75.23960037231446,16.09399414
629,315.0,74.20326232910156,15.97045898
630,315.5,72.99804763793945,15.979891777038574
631,316.0,70.92264709472656,15.249282836914062
632,316.5,68.58410110473633,14.74583625793457
633,317.0,68.36787338256836,14.645535469055176
634,317.5,68.04571151733398,14.854887008666992
635,318.0,68.41218262,14.97801113128662
636,318.5,69.01954803466796,15.10704517364502
637,319.0,71.21809997558594,15.881945610046388
638,319.5,72.58227462768555,16.30075454711914
639,320.0,72.07255554199219,15.999730110168455
640,320.5,71.15299301147462,15.69675636291504
641,321.0,69.67460021972656,15.18844509124756
642,321.5,67.65088119506837,14.50609302520752
643,322.0,65.55521697998047,13.693941116333008
644,322.5,63.36224555969238,12.774646759033203
645,323.0,61.695236968994145,11.821415901184082
646,323.5,60.31934700012207,11.35400391
647,324.0,60.06432189941406,11.010124206542969
648,324.5,59.5347282409668,10.651153564453123
649,325.0,59.307884216308594,10.16168975830078
650,325.5,58.95736770629883,9.975962639
651,326.0,58.56181678771973,9.786221504211426
652,326.5,58.447056198120116,9.71420192718506
653,327.0,58.801129531860354,9.933199882507324
654,327.5,59.53512954711914,10.381444931030272
655,328.0,59.652960586547856,10.474058151245115
656,328.5,59.680854415893556,10.365299224853516
657,329.0,59.98901596069336,10.499791145324709
658,329.5,60.42759246826172,10.631142616271973
659,330.0,60.699161529541016,10.667313575744627
660,330.5,61.390780258178715,10.83139419555664
661,331.0,61.404349899291994,10.909207344055176
662,331.5,61.394199752807616,11.022482872009276
663,332.0,61.04466934204102,10.958989143371582
664,332.5,61.39215850830078,11.065370559692385
665,333.0,60.578347015380864,10.745904922485352
666,333.5,59.79927215576172,10.37141227722168
667,334.0,60.39878120422363,10.603157043457031
668,334.5,61.015572738647464,10.67944622039795
669,335.0,62.5742301940918,11.12868595123291
670,335.5,64.32773666381837,11.828588485717772
671,336.0,65.8593650817871,12.23195457458496
672,336.5,67.29244842529297,12.640296936035156
673,337.0,68.2928077697754,13.094178199768066
674,337.5,69.19691086,13.48036003112793
675,338.0,70.04171829223634,13.980392456054688
676,338.5,71.29745254516601,14.83275318145752
677,339.0,72.64027252197266,15.637402534484863
678,339.5,73.00710601806641,15.752814292907717
679,340.0,73.12774658203125,15.845629692077637
680,340.5,72.4040496826172,15.691669464111328
681,341.0,70.91561660766601,15.229365348815918
682,341.5,68.69082870483399,14.34497356414795
683,342.0,67.91331787109375,13.985445022583008
684,342.5,67.20618057250977,13.82723617553711
685,343.0,67.56330947875978,14.13750457763672
686,343.5,68.03347930908203,14.482508659362791
687,344.0,69.28278198242188,15.198893547058104
688,344.5,69.90316314697266,15.54887866973877
689,345.0,70.01387023925781,15.363454818725586
690,345.5,71.3232391357422,15.585531234741213
691,346.0,73.54537734985352,16.21862793
692,346.5,76.07525100708008,16.929576873779297
693,347.0,79.46556015014647,18.09737777709961
694,347.5,82.30079650878906,19.240528106689453
695,348.0,84.09904556274415,19.938671112060547
696,348.5,83.59983596801757,19.71173858642578
697,349.0,82.07205429077149,19.293983459472656
698,349.5,79.72608871459961,18.42096710205078
699,350.0,76.62651824951172,17.37097930908203
700,350.5,73.85340576171876,16.781837463378906
701,351.0,71.44185791015624,16.22010040283203
702,351.5,69.00950469970704,15.275886535644531
703,352.0,67.55879516601563,14.695335388183594
704,352.5,66.41426467895508,14.103315353393556
705,353.0,63.40131264,12.870634078979492
706,353.5,61.001206970214845,11.801298141479492
707,354.0,58.1618351,10.813169479370115
708,354.5,56.713435363769534,9.841688156
709,355.0,56.6484260559082,9.578613281
710,355.5,56.144327926635754,9.053797721862791
711,356.0,57.024365997314455,9.013070106506348
712,356.5,57.36242332458496,9.191539764404297
713,357.0,57.46929092407227,9.148980140686035
714,357.5,57.63090515136719,9.114642143249512
715,358.0,57.336777496337895,9.01649570465088
716,358.5,57.053914642333986,8.864484786987305
717,359.0,56.27260818481445,8.481922149658203
718,359.5,55.820952606201175,8.294313430786133
719,360.0,55.150325775146484,8.209048271
720,360.5,55.17318420410156,8.081531524658203
721,361.0,55.03952369689942,8.019084930419922
722,361.5,54.80729713439942,7.829928398132324
723,362.0,54.73051376342774,7.728783130645752
724,362.5,54.81866645812988,7.813242435455322
725,363.0,54.76413040161133,7.771751880645752
726,363.5,54.834466552734376,7.857100486755371
727,364.0,55.23987808227539,7.981790065765381
728,364.5,55.042109680175784,7.955124855041504
729,365.0,54.745710372924805,7.810892105102539
730,365.5,54.63128738403321,7.769032955169678
731,366.0,54.274020767211915,7.476932525634766
732,366.5,54.147100830078124,7.249988555908203
733,367.0,54.546302032470706,7.223554134368896
734,367.5,54.67880630493164,7.069579601287842
735,368.0,55.21205787658691,7.022370815
736,368.5,55.603036499023446,7.087460517883301
737,369.0,55.80355682373047,7.198307514190674
738,369.5,56.10904235839844,7.361861228942871
739,370.0,56.37608337402344,7.472229957580566
740,370.5,56.37835960388184,7.480531692504883
741,371.0,56.05110130310058,7.508953571
742,371.5,55.845804595947264,7.422209263
743,372.0,55.39899940490723,7.153253555297852
744,372.5,55.43692588806152,7.1625471115112305
745,373.0,55.441160964965825,7.199675083
746,373.5,55.507493591308595,7.248627185821533
747,374.0,55.97483291625977,7.495360374450684
748,374.5,56.602555465698245,7.849673748016357
749,375.0,57.251922607421875,8.202981948852539
750,375.5,58.16713600158691,8.675787925720215
751,376.0,58.93219909667969,8.876353264
752,376.5,59.72090377807617,9.147885323
753,377.0,60.65055580000001,9.468126297
754,377.5,61.68768501281738,9.854510307312012
755,378.0,63.10713272094727,10.360207557678224
756,378.5,64.19081459,10.697230339050291
757,379.0,66.04484786987305,11.53644561767578
758,379.5,68.23149414,12.31570053100586
759,380.0,70.34563064575195,13.14905071258545
760,380.5,73.48261719000001,14.261920928955078
761,381.0,75.02659378051757,14.791674613952637
762,381.5,78.31244888305665,15.960604667663574
763,382.0,81.31965560913086,17.164846420288086
764,382.5,84.76785278320312,18.59007453918457
765,383.0,88.12920455932618,19.930845260620117
766,383.5,91.53525314331054,21.405115127563477
767,384.0,95.19383087158204,23.10663414001465
768,384.5,99.94791336,25.17835807800293
769,385.0,103.76078033447266,26.826805114746097
770,385.5,105.96500854492189,28.07787322998047
771,386.0,106.70117339999999,28.783233642578125
772,386.5,104.63575592041016,28.080242156982425
773,387.0,102.28192443847657,27.27836799621582
774,387.5,99.05471801757812,26.073122024536133
775,388.0,96.45333176,25.03902244567871
776,388.5,95.86457977294921,24.26555633544922
777,389.0,91.93557968139649,22.360763549804688
778,389.5,90.45498962402344,21.718725204467773
779,390.0,88.32000732421875,20.98296546936035
780,390.5,86.98794631958009,20.698740005493164
781,391.0,83.95902404785156,19.25726318359375
782,391.5,80.65828170776368,17.787357330322266
783,392.0,77.68949051000001,16.454492568969727
784,392.5,75.47197723388672,15.400623321533203
785,393.0,74.71483688354493,15.083297729492188
786,393.5,73.1822410583496,14.258111953735352
787,394.0,72.76525344848633,13.776528358459473
788,394.5,73.65925521850586,13.594843864440918
789,395.0,73.26766967773438,12.95401668548584
790,395.5,72.31008987426759,12.410282135009766
791,396.0,71.1550193786621,11.867742538452148
792,396.5,68.64731445000001,10.884645462036133
793,397.0,67.40491790771485,10.575200080871582
794,397.5,66.52568435668945,10.463616371154783
795,398.0,65.4593475341797,10.244059562683104
796,398.5,64.41439971923828,9.936455726623535
797,399.0,64.74134674072266,10.00709342956543
798,399.5,65.63496322631836,10.25436305999756
799,400.0,65.91715240478516,10.249740600585938
800,400.5,66.484383392334,10.390811920166016
801,401.0,66.01280555725097,10.080886840820312
802,401.5,66.03570594787598,10.162443161010742
803,402.0,66.18171424865723,10.264297485351562
804,402.5,66.53357124328613,10.424518585205078
805,403.0,66.80389099121095,10.437811851501465
806,403.5,67.82193717956542,10.714639663696287
807,404.0,68.98702850341797,11.197654724121094
808,404.5,70.02764434814453,11.598969459533691
809,405.0,71.21782684326172,12.147258758544922
810,405.5,71.69983367919923,12.330199241638184
811,406.0,71.69125137329101,12.275835037231444
812,406.5,71.78027572631837,12.27254867553711
813,407.0,72.20390625,12.472825050354004
814,407.5,72.63169288635254,12.531838417053224
815,408.0,72.86049346923829,12.411703109741213
816,408.5,73.4532257080078,12.323392868041992
817,409.0,73.79420700073243,12.368623733520508
818,409.5,74.07200927734375,12.59697723388672
819,410.0,74.19035720825195,12.702181816101074
820,410.5,74.1304672241211,12.60356903076172
821,411.0,73.69164428710937,12.630701065063477
822,411.5,73.7993263244629,12.66201400756836
823,412.0,74.36203308105469,13.149617195129396
824,412.5,74.05890655517578,13.24073314666748
825,413.0,73.2802474975586,13.103449821472168
826,413.5,71.77321586608886,12.612730026245115
827,414.0,70.22334709167481,11.813730239868164
828,414.5,69.24271697998047,11.441773414611816
829,415.0,67.49283027648926,10.932634353637695
830,415.5,67.9794776916504,11.340912818908691
831,416.0,68.72582969665527,11.579644203186035
832,416.5,70.11216393000001,12.202258110046388
833,417.0,70.5153419494629,12.103962898254396
834,417.5,71.34275817871094,12.37313747406006
835,418.0,71.99218635559083,12.710650444030762
836,418.5,71.91637573242187,12.471664428710938
837,419.0,72.71480216979981,12.69550323486328
838,419.5,73.47552032470703,12.826027870178224
839,420.0,73.89683532714844,12.733403205871582
840,420.5,74.40701370239259,12.868515014648438
841,421.0,74.7865005493164,12.991915702819824
842,421.5,75.51474227905274,13.172969818115234
843,422.0,76.01444549560547,13.26951789855957
844,422.5,77.27883529663086,13.671334266662598
845,423.0,77.24268035888673,13.60816764831543
846,423.5,78.1060691833496,13.77995777130127
847,424.0,77.96673812866212,13.45879841
848,424.5,77.80655212402344,13.20978069
849,425.0,77.98671340942383,13.153295516967772
850,425.5,78.0157554626465,13.243447303771973
851,426.0,78.46066818237304,13.37997341156006
852,426.5,79.10869445800782,13.46291160583496
853,427.0,78.53321380615235,13.133846282958984
854,427.5,79.57824325561523,13.529034614562988
855,428.0,80.19546585083009,14.002604484558104
856,428.5,80.37127456665038,14.102874755859377
857,429.0,79.97151794433594,13.940839767456056
858,429.5,80.82637329101563,14.35540008544922
859,430.0,80.86268615722656,14.566146850585938
860,430.5,81.42134170532228,14.567267417907717
861,431.0,82.49125061035156,14.767772674560549
862,431.5,83.73356857299805,15.139274597167969
863,432.0,83.72301406860353,15.107568740844728
864,432.5,84.92919158935547,15.417903900146484
865,433.0,85.11921005249025,15.204512596130373
866,433.5,85.32171020507812,15.310379981994627
867,434.0,85.23411026000977,15.097270965576172
868,434.5,86.30827637,15.326361656188965
869,435.0,85.96855926513672,15.11929988861084
870,435.5,86.16104965209962,15.158369064331056
871,436.0,86.8867202758789,15.711231231689451
872,436.5,86.85923614501954,15.73364258
873,437.0,87.11287994384766,15.983747482299805
874,437.5,87.35115051269531,16.26515007019043
875,438.0,88.38641434,16.77624512
876,438.5,88.7701316833496,17.036115646362305
877,439.0,90.34930267333985,17.559722900390625
878,439.5,93.23025436401367,18.52024269104004
879,440.0,96.87337493896484,20.041154861450195
880,440.5,99.62408905029298,21.209991455078125
881,441.0,102.3099266052246,22.449647903442383
882,441.5,104.93225708007813,23.346460342407227
883,442.0,106.51040191650391,23.720359802246097
884,442.5,107.27239608764648,23.998289108276367
885,443.0,107.76100997924806,24.290428161621097
886,443.5,105.96394500732421,23.49279403686523
887,444.0,105.55578842163087,23.385591506958008
888,444.5,103.60813446044922,22.845382690429688
889,445.0,102.50264739990234,22.973573684692383
890,445.5,99.30761032104493,21.782054901123047
891,446.0,96.4239402770996,20.57202911376953
892,446.5,93.9300293,19.632009506225582
893,447.0,93.14021606445313,18.949535369873047
894,447.5,92.05125809,18.37652015686035
895,448.0,90.9141815185547,17.696138381958008
896,448.5,90.00305709838867,17.838285446166992
897,449.0,87.77046813964844,16.837482452392578
898,449.5,85.30737991333008,15.742000579833984
899,450.0,82.32384490966797,14.572724342346191
900,450.5,80.35585861206056,13.67241382598877
901,451.0,80.13109741210937,13.50808048248291
902,451.5,78.35328903198243,12.693438529968262
903,452.0,78.55551071166992,12.606163024902344
904,452.5,78.23641204833984,12.662602424621582
905,453.0,77.77641754150392,12.536849975585938
906,453.5,77.71962127685546,12.590868949890137
907,454.0,78.06998291015626,12.94004249572754
908,454.5,77.86258621,12.965411186218262
909,455.0,76.47435188293457,12.403736114501951
910,455.5,75.38985710144044,11.934338569641112
911,456.0,74.4386993408203,11.444615364074709
912,456.5,73.26433601379395,11.097002983093262
913,457.0,71.25522537231446,9.959951400756836
914,457.5,71.0928783416748,9.650415420532228
915,458.0,71.24442939758302,9.655264854431152
916,458.5,71.11140213012695,9.6136446
917,459.0,70.36554756164551,9.401500701904297
918,459.5,70.06663055419922,9.355738639831545
919,460.0,69.53936576843262,9.15656280517578
920,460.5,69.34386711120607,9.14394187927246
921,461.0,69.11010704040527,9.094545364379885
922,461.5,69.44598808288575,9.309307098388672
923,462.0,69.53090019226075,9.360178947
924,462.5,69.04680824279785,9.099169731140137
925,463.0,68.92801742553712,9.078660965
926,463.5,68.49446067810058,8.901286125183105
927,464.0,68.8939422607422,8.982451438903809
928,464.5,69.27968139648438,9.129277229309082
929,465.0,69.61996841430664,9.292278289794922
930,465.5,70.02364234924318,9.436814308166504
931,466.0,70.1409164428711,9.440066338
932,466.5,70.77625312805176,9.764966965
933,467.0,70.98642272949219,9.961691856384276
934,467.5,71.18424797058105,10.100625991821287
935,468.0,71.9078338623047,10.47396755218506
936,468.5,72.72917327880859,10.540531158447266
937,469.0,74.1147274,11.064756393432615
938,469.5,74.43567962646485,11.122642517089844
939,470.0,75.16232109069824,11.361642837524414
940,470.5,75.9946201324463,11.50915813446045
941,471.0,77.01541671752929,11.74069118499756
942,471.5,78.20486297607422,12.03132152557373
943,472.0,79.90732498168946,12.642828941345217
944,472.5,81.88969421386719,13.360852241516112
945,473.0,83.55772857666017,13.986405372619627
946,473.5,85.50866470336913,14.900724411010742
947,474.0,86.46798934936524,15.260570526123049
948,474.5,87.32466049194336,15.518843650817873
949,475.0,87.4615249633789,15.79832649230957
950,475.5,87.90839080810548,16.048574447631836
951,476.0,88.0474449157715,16.146638870239258
952,476.5,88.90278091430665,16.585294723510742
953,477.0,88.78744430541992,16.520179748535156
954,477.5,89.32513427734375,16.562000274658203
955,478.0,89.82975463867189,16.73852539
956,478.5,90.01387939453124,16.974943161010742
957,479.0,89.77201690673829,17.056350708007812
958,479.5,88.62853546142578,16.685632705688477
959,480.0,86.38179397583008,15.534070014953612
960,480.5,84.6877182006836,14.524675369262695
961,481.0,83.32986221313476,14.070515632629396
962,481.5,82.4509490966797,13.79556369781494
963,482.0,81.07696075439453,13.454119682312012
964,482.5,79.86717796325684,13.06718635559082
965,483.0,79.5147617340088,13.16847324371338
966,483.5,78.27889595031738,12.757172584533691
967,484.0,77.80645599365235,12.68249225616455
968,484.5,77.34349746704102,12.67530345916748
969,485.0,77.19869232177734,12.445881843566896
970,485.5,77.32660751342775,12.37321662902832
971,486.0,78.49959716796874,12.89456272125244
972,486.5,78.67279090881348,12.671462059020996
973,487.0,78.12744255065918,12.31405258178711
974,487.5,79.18713188171387,12.807390213012695
975,488.0,79.61273842,13.20769500732422
976,488.5,80.46999130249023,13.754637718200684
977,489.0,80.21650543212891,13.728795051574709
978,489.5,80.47991485595703,13.534676551818848
979,490.0,80.48308181762695,13.158332824707031
980,490.5,81.15194778442384,13.029576301574709
981,491.0,81.28472671508788,13.04094409942627
982,491.5,82.0842498779297,13.47672176361084
983,492.0,82.39988250732422,13.673898696899414
984,492.5,82.22161483764648,13.556441307067873
985,493.0,81.46508865356446,13.246953964233398
986,493.5,80.26042518615722,12.723363876342772
987,494.0,78.74409523010254,12.37894058227539
988,494.5,77.78301544189453,11.849925994873049
989,495.0,76.63471031188965,11.212491989135742
990,495.5,75.85952835083009,10.918415069580078
991,496.0,74.08731994628906,10.40875244140625
992,496.5,73.45589675903321,10.278451919555664
993,497.0,72.83777542114258,9.90613842
994,497.5,72.62965965270996,9.559686660766602
995,498.0,73.33438186645509,9.611119270324709
996,498.5,74.08237800598144,9.562546730041504
997,499.0,75.03743209838868,9.702205657958984
998,499.5,76.27594108581543,9.962415695
999,500.0,77.5643424987793,10.239299774169922
1000,500.5,77.98006515502931,10.499279022216797
1001,501.0,78.99652442932128,11.105059623718262
1002,501.5,79.47821846008301,11.24158763885498
1003,502.0,80.08862609863282,11.324721336364746
1004,502.5,80.32037544250488,11.266982078552246
1005,503.0,81.20880775,11.56087875366211
1006,503.5,82.36070022583007,12.04568099975586
1007,504.0,82.85714569091797,12.323050498962402
1008,504.5,83.61117858886719,12.61705493927002
1009,505.0,84.94237518310547,13.140178680419922
1010,505.5,86.23807983398439,13.75439167022705
1011,506.0,86.10641250610351,13.65850830078125
1012,506.5,86.59980239868165,14.017959594726562
1013,507.0,86.67387313842774,14.183549880981444
1014,507.5,85.21879959106445,13.846075057983398
1015,508.0,84.15588836669923,13.525114059448242
1016,508.5,83.34231719970703,13.186538696289062
1017,509.0,82.83281936645508,13.083856582641602
1018,509.5,82.35783691,13.032886505126951
1019,510.0,83.04180526733398,13.220776557922363
1020,510.5,84.13860015869142,13.885478019714355
1021,511.0,84.94567260742187,14.152573585510254
1022,511.5,85.97445145,14.513237953186035
1023,512.0,86.49925537109375,14.641761779785156
1024,512.5,86.24803543,14.508832931518556
1025,513.0,87.05545120239259,14.875661849975586
1026,513.5,87.16212234,14.707077026367188
1027,514.0,87.98047485351563,15.063237190246582
1028,514.5,88.74601669311524,15.106985092163086
1029,515.0,90.03200149536133,15.58086395263672
1030,515.5,90.53345184326173,15.959818840026855
1031,516.0,91.84503707885742,16.534841537475586
1032,516.5,94.08371200561524,17.51255226135254
1033,517.0,96.54371185302735,18.735307693481445
1034,517.5,99.07867050170898,20.26116943359375
1035,518.0,101.23737411499025,21.42738342285156
1036,518.5,102.25974807739257,22.00874900817871
1037,519.0,103.84417953491212,22.92068099975586
1038,519.5,104.00269622802735,22.979007720947266
1039,520.0,102.88512039,22.645519256591797
1040,520.5,101.93783264160157,22.381433486938477
1041,521.0,99.45505294799804,21.080921173095703
1042,521.5,98.29421463012696,20.64345359802246
1043,522.0,97.63711853027344,20.660978317260746
1044,522.5,98.16529083251953,21.092817306518555
1045,523.0,97.40953903198243,21.049829483032227
1046,523.5,96.8203025817871,20.59766197
1047,524.0,94.86528244018555,19.481157302856445
1048,524.5,93.56124420166017,18.205158233642575
1049,525.0,92.16606521606445,17.038339614868164
1050,525.5,91.4705551147461,16.40767478942871
1051,526.0,91.71820602416992,16.256399154663086
1052,526.5,93.45785369873047,16.653657913208008
1053,527.0,93.20113677978514,16.292863845825195
1054,527.5,91.78059387207031,15.359254837036133
1055,528.0,88.55548934936525,13.979229927062988
1056,528.5,86.02743682861328,13.034963607788086
1057,529.0,82.91518630981446,11.865226745605469
1058,529.5,80.82578201293946,11.375120162963867
1059,530.0,79.31304740905762,10.96705722808838
1060,530.5,79.62906150817872,11.26892375946045
1061,531.0,79.249507522583,10.912612915039062
1062,531.5,79.25993385314942,11.01062012
1063,532.0,79.19370193481446,11.154905319213867
1064,532.5,78.24726867675781,10.691728591918944
1065,533.0,77.51369743347169,10.615448951721191
1066,533.5,75.68813667297363,9.985807418823242
1067,534.0,75.26553382873536,9.700469017028809
1068,534.5,74.72685356140137,9.277065277
1069,535.0,75.25314712524414,9.519598007202148
1070,535.5,75.914896774292,9.670207977294922
1071,536.0,76.39905319213867,9.834178924560549
1072,536.5,77.76323165893555,10.155674934387209
1073,537.0,79.15402526855469,10.612815856933594
1074,537.5,80.36649322509766,10.874798774719238
1075,538.0,81.19546966552736,11.145465850830078
1076,538.5,82.2569538116455,11.55709171295166
1077,539.0,83.27963867,11.750200271606444
1078,539.5,84.19439049,12.109314918518066
1079,540.0,85.04718017578125,12.59408950805664
1080,540.5,85.72588424682618,13.005781173706056
1081,541.0,86.78053436279296,13.528603553771973
1082,541.5,87.86332168579102,14.01928424835205
1083,542.0,88.90761871337891,14.335219383239746
1084,542.5,90.21290969848633,15.040068626403809
1085,543.0,91.46991043,15.506573677062988
1086,543.5,92.45892105102538,15.809701919555664
1087,544.0,93.17045822143555,16.094247817993164
1088,544.5,93.74406738,16.283639907836914
1089,545.0,93.76800537109375,16.14752769470215
1090,545.5,94.39987258911134,16.175838470458984
1091,546.0,94.50054702758788,16.073368072509766
1092,546.5,94.08882369995118,15.891133308410645
1093,547.0,94.70368881225586,15.988003730773926
1094,547.5,94.61092758178711,15.758278846740724
1095,548.0,96.21523361206056,16.420724868774414
1096,548.5,96.47560653686523,16.754201889038086
1097,549.0,97.87974014282227,17.48253631591797
1098,549.5,97.53327102661133,17.590457916259766
1099,550.0,97.2129135131836,17.820972442626953
1100,550.5,94.75676422119142,16.990570068359375
1101,551.0,92.52578887939453,16.238142013549805
1102,551.5,90.76434555053712,15.68954849243164
1103,552.0,88.36344070000001,14.463285446166992
1104,552.5,86.99196815490723,13.401813507080078
1105,553.0,85.07076721191407,12.212451934814451
1106,553.5,83.69079933166503,11.249237060546877
1107,554.0,82.55184783935547,10.590879440307615
1108,554.5,81.4642707824707,10.168295860290527
1109,555.0,81.02692413330078,9.829349517822266
1110,555.5,81.20342712402345,9.970098495483398
1111,556.0,80.62383232116699,9.562807083129885
1112,556.5,80.05559577941895,9.367465973
1113,557.0,79.36516304016114,9.107664108276367
1114,557.5,79.69725227355957,9.175145149230955
1115,558.0,79.73739891052247,9.193019867
1116,558.5,80.5101276397705,9.517498970031738
1117,559.0,80.99337234497071,9.642556190490724
1118,559.5,81.31401557922364,9.760367393493652
1119,560.0,82.66852188110352,10.239811897277832
1120,560.5,83.67802505493165,10.522165298461914
1121,561.0,84.66311607,10.879109382629396
1122,561.5,84.77804985046387,10.879651069641112
1123,562.0,86.27974433898926,11.427494049072266
1124,562.5,87.13098907470703,11.74206256866455
1125,563.0,87.42769889831544,11.87151050567627
1126,563.5,88.63778457641601,12.342461585998535
1127,564.0,89.02745285,12.26922894
1128,564.5,90.01711959838867,12.62261199951172
1129,565.0,90.36544799804688,12.77700901031494
1130,565.5,90.34647445678712,12.61143970489502
1131,566.0,90.01023635864257,12.55723476409912
1132,566.5,90.12266387939454,12.364545822143556
1133,567.0,90.1259262084961,12.199766159057615
1134,567.5,91.11998367000001,12.434410095214844
1135,568.0,91.4699676513672,12.524359703063965
1136,568.5,91.3454490661621,12.529719352722168
1137,569.0,92.24408187866212,12.930593490600586
1138,569.5,93.71971817016602,13.66553020477295
1139,570.0,94.00367355,14.02485466003418
1140,570.5,94.79902344000001,14.539701461791992
1141,571.0,94.89382705688476,14.724260330200195
1142,571.5,95.47210922241212,14.891112327575684
1143,572.0,95.97109527587891,14.797392845153809
1144,572.5,96.18896102905273,14.683897018432615
1145,573.0,96.63858489990236,14.615001678466797
1146,573.5,96.84925231933593,14.71981143951416
1147,574.0,97.06848373413087,14.88229274749756
1148,574.5,96.48423690795899,14.80501651763916
1149,575.0,95.5004653930664,14.43704891204834
1150,575.5,95.13654022216798,14.381694793701172
1151,576.0,93.72826919555663,13.834195137023926
1152,576.5,92.4682830810547,13.370650291442873
1153,577.0,91.3439437866211,12.944707870483398
1154,577.5,90.66094970703125,12.68669319152832
1155,578.0,90.70309524536134,12.653081893920898
1156,578.5,91.21621094,12.785962104797363
1157,579.0,91.44589844000001,12.78704548
1158,579.5,92.82238693237305,13.258145332336426
1159,580.0,93.42959976196289,13.312392234802246
1160,580.5,94.09056930541993,13.370403289794922
1161,581.0,95.29493484,13.653876304626465
1162,581.5,96.43197098,14.32525349
1163,582.0,97.74452896118164,14.854500770568848
1164,582.5,98.98062896728516,15.621448516845703
1165,583.0,100.32404022216798,16.402563095092773
1166,583.5,100.19607315063476,16.734514236450195
1167,584.0,100.00012435913087,16.711484909057617
1168,584.5,98.15615768432617,15.901062965393066
1169,585.0,96.51262664794922,15.320279121398926
1170,585.5,93.954598236084,14.412080764770508
1171,586.0,92.6323143005371,13.854975700378418
1172,586.5,91.23805084228516,13.382089614868164
1173,587.0,90.04592628479004,13.404024124145508
1174,587.5,89.5424919128418,13.393654823303224
1175,588.0,88.85750846862794,13.016693115234377
1176,588.5,88.16465339660644,12.788134574890137
1177,589.0,88.1113208770752,12.784533500671388
1178,589.5,87.70705528259278,12.27844238
1179,590.0,87.94079208374023,12.41278839111328
1180,590.5,88.15943412780763,12.593894958496094
1181,591.0,88.77828369140624,12.995014190673828
1182,591.5,89.53939857,13.151954650878906
1183,592.0,90.42486877441407,13.503817558288574
1184,592.5,91.93802261352539,14.137445449829102
1185,593.0,93.19716720581056,14.686243057250977
1186,593.5,95.12498626708984,15.497443199157717
1187,594.0,96.54756393432618,16.02332305908203
1188,594.5,98.43213195800782,16.69904899597168
1189,595.0,100.67606735229492,17.486953735351562
1190,595.5,102.50442581176759,18.13218688964844
1191,596.0,105.55975494384765,19.190093994140625
1192,596.5,108.64243545532227,20.03657913208008
1193,597.0,112.25612945556641,21.296646118164062
1194,597.5,115.74177932739258,22.74223518371582
1195,598.0,119.93093185424806,24.596574783325195
1196,598.5,123.66693267822265,26.38439178466797
1197,599.0,128.0793670654297,28.473926544189453
1198,599.5,132.10543365478514,30.38530540466309
1199,600.0,133.34210205078125,31.501266479492188
1200,600.5,134.0819061279297,32.10810089111328
1201,601.0,132.14444122314453,31.07720947265625
1202,601.5,128.74116364000002,29.012895584106445
1203,602.0,124.49926300048828,26.56861686706543
1204,602.5,122.39258575439453,25.239089965820312
1205,603.0,121.84201126098634,25.04897117614746
1206,603.5,118.95327911376953,23.73196792602539
1207,604.0,116.53162994384766,23.04017639160156
1208,604.5,113.35665817260742,21.60508728027344
1209,605.0,109.01079177856445,20.287992477416992
1210,605.5,105.38139419555665,18.744361877441406
1211,606.0,102.01274642944335,16.81243896484375
1212,606.5,100.54374542236329,16.169862747192383
1213,607.0,99.68271179199219,15.507735252380373
1214,607.5,100.30845642089844,15.006062507629396
1215,608.0,99.1099594116211,14.61484432220459
1216,608.5,98.13677749633788,14.05808448791504
1217,609.0,96.90547409057618,13.807586669921877
1218,609.5,95.12807388305664,13.411700248718262
1219,610.0,93.67412185668945,12.855570793151855
1220,610.5,93.17125778198243,12.769947052001951
1221,611.0,91.9542022705078,12.59880542755127
1222,611.5,91.49980773925782,12.506593704223633
1223,612.0,91.5552360534668,12.210787773132324
1224,612.5,92.08254432678223,12.38006591796875
1225,613.0,92.49268798828126,12.55947494506836
1226,613.5,94.09412918000001,12.999409675598145
1227,614.0,95.16473999023438,13.44504451751709
1228,614.5,96.19227523803711,13.855116844177246
1229,615.0,96.61883163452148,13.923218727111816
1230,615.5,95.48668365478517,13.301843643188477
1231,616.0,95.03442916870117,13.36192798614502
1232,616.5,94.00081481933594,12.869165420532228
1233,617.0,93.53883094787598,12.39962673187256
1234,617.5,93.94165420532227,12.66231918334961
1235,618.0,93.59880714416505,12.54610824584961
1236,618.5,93.38800392150878,12.604881286621094
1237,619.0,92.81682815551758,12.596481323242188
1238,619.5,92.99216003417969,12.578908920288086
1239,620.0,92.50083351135254,12.47712230682373
1240,620.5,93.34301834106446,12.712576866149902
1241,621.0,93.28377113342285,12.653884887695312
1242,621.5,93.49247779846192,12.60970401763916
1243,622.0,93.36267013549805,12.394185066223145
1244,622.5,93.4243392944336,12.232311248779297
1245,623.0,93.05123023986818,11.903918266296388
1246,623.5,91.65055809020996,11.36810017
1247,624.0,91.04342308044434,10.877891540527344
1248,624.5,90.94543952941895,10.758584022521973
1249,625.0,90.8266716003418,10.58033275604248
1250,625.5,91.7508686065674,10.8952055
1251,626.0,92.72857437133788,11.426786422729492
1252,626.5,94.13165130615235,11.902626037597656
1253,627.0,95.79236526489258,12.431824684143066
1254,627.5,97.15160751342773,13.095132827758787
1255,628.0,98.76570587158204,13.86904239654541
1256,628.5,100.75341567993163,14.857865333557127
1257,629.0,102.75779571533204,15.743219375610352
1258,629.5,103.88287277,16.316219329833984
1259,630.0,106.24913024902344,17.505868911743164
1260,630.5,106.58233719,17.831756591796875
1261,631.0,109.03331909179687,19.080331802368164
1262,631.5,110.19265594482422,19.55298614501953
1263,632.0,110.50036163330078,19.777828216552734
1264,632.5,110.33752822875977,19.38976287841797
1265,633.0,110.23909454345704,19.212385177612305
1266,633.5,108.42201385498046,18.373950958251953
1267,634.0,106.96669235229493,17.77413558959961
1268,634.5,104.05837936401367,16.418712615966797
1269,635.0,101.16028594970703,15.119616508483888
1270,635.5,96.91864471435548,13.557394981384276
1271,636.0,93.65627822875977,11.900799751281738
1272,636.5,92.2855323791504,10.825593948364258
1273,637.0,90.83025856018067,10.044092178344728
1274,637.5,90.22622108459473,9.682972908
1275,638.0,90.53160934448243,9.838678359985352
1276,638.5,90.74760971069335,9.834388732910156
1277,639.0,90.67116012573243,9.743835449
1278,639.5,90.3202621459961,9.756196022033691
1279,640.0,89.70747375488281,9.607657432556152
1280,640.5,90.04866676330566,9.838905334472656
1281,641.0,90.4587760925293,9.982099533081056
1282,641.5,91.04873886108399,10.170004844665527
1283,642.0,91.88426704406739,10.315303802490234
1284,642.5,92.42473793029785,10.370321273803713
1285,643.0,93.10459785461425,10.694950103759766
1286,643.5,93.06236991882325,10.49685287475586
1287,644.0,93.41755332946778,10.655196189880373
1288,644.5,94.17051048278809,11.065909385681152
1289,645.0,95.00957298278809,11.328217506408691
1290,645.5,95.98749618530273,11.79401969909668
1291,646.0,96.44012603759766,12.029561042785645
1292,646.5,96.71966400146485,12.147528648376465
1293,647.0,96.93577117919922,12.22199821472168
1294,647.5,96.99604034423828,12.128268241882324
1295,648.0,96.86597518920898,12.083898544311523
1296,648.5,96.46277008056641,11.767611503601074
1297,649.0,96.12446823120118,11.621878623962402
1298,649.5,95.94158287,11.422205924987791
1299,650.0,96.00186538696289,11.525557518005373
1300,650.5,95.99026565551758,11.620899200439451
1301,651.0,95.96381912231446,11.785082817077637
1302,651.5,96.27210273742676,12.20302677154541
1303,652.0,95.88929672241211,12.150517463684082
1304,652.5,95.96412658691406,12.307809829711914
1305,653.0,94.9866569519043,11.804391860961914
1306,653.5,94.63932189941407,11.502301216125488
1307,654.0,94.64409484863282,11.39193344116211
1308,654.5,95.17098731994629,11.543012619018556
1309,655.0,95.81464195251465,11.794398307800291
1310,655.5,96.06303482055664,11.730262756347656
1311,656.0,95.35095748901368,11.28353214263916
1312,656.5,95.57828750610352,11.289801597595217
1313,657.0,95.39025421142578,11.157523155212402
1314,657.5,95.94197082519531,11.639036178588867
1315,658.0,96.95086936950683,12.09179973602295
1316,658.5,98.56930313110352,12.879722595214844
1317,659.0,100.34491958618165,13.636300086975098
1318,659.5,101.93685455322266,14.349963188171388
1319,660.0,103.1307601928711,14.91839599609375
1320,660.5,105.38662414550781,15.768166542053224
1321,661.0,106.23500213623048,16.20001983642578
1322,661.5,107.30959930419922,16.71410369873047
1323,662.0,108.54599304199219,17.13909912109375
1324,662.5,109.6600112915039,17.463531494140625
1325,663.0,109.72305374145508,17.39330291748047
1326,663.5,109.72419509887696,16.85845947265625
1327,664.0,109.39282836914063,16.38428307
1328,664.5,107.83267135620117,15.710773468017578
1329,665.0,105.61163711547852,14.76181697845459
1330,665.5,104.43286209106445,14.460268020629885
1331,666.0,104.3392807006836,14.50965690612793
1332,666.5,104.38255920410157,14.487207412719728
1333,667.0,104.98012084960938,14.66498089
1334,667.5,105.29806518554688,14.668842315673828
1335,668.0,105.87245254516601,15.078022003173828
1336,668.5,106.34234771728515,15.383390426635742
1337,669.0,107.2573226928711,15.643339157104492
1338,669.5,106.92638702392578,15.43556785583496
1339,670.0,107.79598236083984,15.79494285583496
1340,670.5,108.37342529296875,16.03683853149414
1341,671.0,109.31998977661134,16.35329818725586
1342,671.5,110.54036178588868,16.888591766357422
1343,672.0,113.17437668,18.048343658447266
1344,672.5,115.81879425048828,18.980993270874023
1345,673.0,118.79793624999999,19.92818260192871
1346,673.5,119.66072998046876,20.44544792175293
1347,674.0,120.35575714111329,20.95521545410156
1348,674.5,118.24326248168946,20.23540306091309
1349,675.0,116.27091217041016,19.228214263916016
1350,675.5,113.81116180419922,17.863231658935547
1351,676.0,111.91096267700196,16.698896408081055
1352,676.5,110.14783325195313,15.900150299072266
1353,677.0,108.46084136962891,15.493358612060549
1354,677.5,107.26447296142578,15.181458473205566
1355,678.0,105.65212326049804,14.454216957092283
1356,678.5,104.61069259643556,14.310903549194336
1357,679.0,103.44657745361329,13.90346908569336
1358,679.5,102.21983261108399,13.647647857666016
1359,680.0,100.25485610961914,13.27093792
1360,680.5,98.14796905517578,12.49563217163086
1361,681.0,95.84691581726075,11.741701126098633
1362,681.5,93.53124465942383,10.913784980773926
1363,682.0,92.12930793762207,10.587997436523438
1364,682.5,90.71614456176758,9.983866691589355
1365,683.0,90.07400779724121,9.525840759277344
1366,683.5,88.9557643890381,8.915436744689941
1367,684.0,88.17758598327637,8.488814353942871
1368,684.5,87.55765075683594,8.233098983764648
1369,685.0,87.2342643737793,8.090715408325195
1370,685.5,86.87780647277832,8.129241943359375
1371,686.0,86.93279418945313,8.307563781738281
1372,686.5,86.8355526,8.344579696655273
1373,687.0,86.65541381835938,8.151431084
1374,687.5,86.99053192138672,8.062562942504883
1375,688.0,87.51050071716308,8.082942962646484
1376,688.5,87.88860092163087,8.280328750610352
1377,689.0,88.35244026184083,8.424552917480469
1378,689.5,88.87781829833985,8.738430976867676
1379,690.0,89.54119491577148,9.008288383483888
1380,690.5,89.93088417053222,9.136356353759766
1381,691.0,90.765189743042,9.424861907958984
1382,691.5,91.39858856201172,9.564132690429688
1383,692.0,92.41126556396485,9.874637603759766
1384,692.5,93.19640922546387,10.061098098754885
1385,693.0,93.78683357238769,10.145425796508787
1386,693.5,94.2068687438965,10.06642246246338
1387,694.0,94.74127616882325,10.100397109985352
1388,694.5,95.39944763183594,10.253321647644045
1389,695.0,95.59616088867188,10.28042984008789
1390,695.5,95.58485107421875,10.286723136901855
1391,696.0,95.52742729187013,10.149327278137209
1392,696.5,94.5290454864502,9.856186866760254
1393,697.0,94.02998085021973,9.870732307434082
1394,697.5,93.51391792297363,9.796412467956545
1395,698.0,93.06088714599609,9.913318634033203
1396,698.5,92.28888664245606,9.70517921447754
1397,699.0,91.91048660278321,9.544648170471191
1398,699.5,91.53906555175782,9.480720520019531
1399,700.0,91.02859306335449,9.341262817382812
1400,700.5,90.60657386779785,9.127681732177734
1401,701.0,90.64020881652833,9.114123344421388
1402,701.5,90.63293685913087,9.116843223571776
1403,702.0,90.99118347167969,9.128760338
1404,702.5,91.74070739746094,9.167758942
1405,703.0,92.51135902404785,9.267009735107422
1406,703.5,93.72001419067384,9.439390182495115
1407,704.0,95.29266777038575,9.928120613098145
1408,704.5,96.84705657958985,10.608348846435549
1409,705.0,97.8890266418457,11.02308750152588
1410,705.5,99.41465263366699,11.410856246948242
1411,706.0,101.18517456054688,12.192384719848633
1412,706.5,103.21316757202149,13.072946548461914
1413,707.0,105.2157814025879,13.96544361114502
1414,707.5,107.62624740600586,14.909520149230955
1415,708.0,110.07812957763672,16.098491668701172
1416,708.5,111.96331939697266,17.115617752075195
1417,709.0,113.74473419189454,18.29407501220703
1418,709.5,114.96305389404297,19.233686447143555
1419,710.0,115.70073318481445,19.681215286254883
1420,710.5,114.50273208618164,19.30742454528809
1421,711.0,113.92119750976563,19.16095733642578
1422,711.5,113.10701599121094,18.62346839904785
1423,712.0,113.74162216186524,18.496232986450195
1424,712.5,114.34576034545898,18.21817398071289
1425,713.0,114.34116439819336,17.970754623413086
1426,713.5,114.00391540527345,18.047176361083984
1427,714.0,113.89331665039063,17.814449310302734
1428,714.5,112.60073394775391,17.14930534362793
1429,715.0,111.04307174682617,16.46063804626465
1430,715.5,108.61462478637695,15.61428451538086
1431,716.0,107.30758819580079,15.115870475769045
1432,716.5,107.49946823120118,15.357861518859863
1433,717.0,107.89669723510742,15.501440048217772
1434,717.5,109.09820175170898,15.923054695129396
1435,718.0,110.48435668945312,16.520727157592773
1436,718.5,110.77142868041993,16.706390380859375
1437,719.0,109.94514312744141,16.52138328552246
1438,719.5,109.68497009277344,16.304317474365234
1439,720.0,109.51272583007812,16.704191207885742
1440,720.5,109.10052567,16.45574378967285
1441,721.0,108.68772659301759,16.276891708374023
1442,721.5,108.12460556030274,15.708526611328123
1443,722.0,107.07196350097657,14.64687442779541
1444,722.5,104.93494033813477,13.506962776184082
1445,723.0,104.29775695800781,13.119569778442385
1446,723.5,103.33594474792481,12.67250633239746
1447,724.0,103.29152717590333,12.65316104888916
1448,724.5,104.41383094787598,12.976876258850098
1449,725.0,104.63265609741211,12.893733978271484
1450,725.5,104.85147171020508,12.904972076416016
1451,726.0,103.07262763977052,12.138470649719238
1452,726.5,101.69527473449708,11.50590991973877
1453,727.0,99.89594383239746,10.506999969482422
1454,727.5,99.87975502,10.27342414855957
1455,728.0,99.84100989999999,10.158799171447754
1456,728.5,99.47703514099122,10.071589469909668
1457,729.0,99.52436294555665,10.26665974
1458,729.5,99.57998199462891,10.218954086303713
1459,730.0,99.27879333496094,10.137799263000488
1460,730.5,99.21700553894043,10.005378723144531
1461,731.0,98.83946571350099,9.913041114807127
1462,731.5,99.46710243225098,10.365394592285156
1463,732.0,98.73139877319336,10.112274169921877
1464,732.5,98.42306518554688,10.126707077026367
1465,733.0,98.97923736572265,10.54584789276123
1466,733.5,98.7790065765381,10.479606628417969
1467,734.0,99.17700805664063,10.69909954071045
1468,734.5,100.12321014404297,11.06017017364502
1469,735.0,100.02611923217773,10.854342460632324
1470,735.5,100.86947326660156,11.110719680786133
1471,736.0,100.79763184000001,10.920694351196287
1472,736.5,101.11625518798829,10.944499015808104
1473,737.0,101.26933403015137,10.901694297790527
1474,737.5,101.27853012084961,10.974947929382324
1475,738.0,101.14535217285156,10.917871475219728
1476,738.5,101.55166397094727,11.133878707885742
1477,739.0,101.2128890991211,11.197418212890623
1478,739.5,101.91969413757325,11.478705406188965
1479,740.0,101.86256408691406,11.446337699890137
1480,740.5,101.53722267150879,11.29020881652832
1481,741.0,102.23331031799317,11.57639980316162
1482,741.5,102.33716049194337,11.692614555358888
1483,742.0,102.95850486755371,11.968485832214355
1484,742.5,103.55139350891113,12.200515747070312
1485,743.0,104.23621635437011,12.425315856933594
1486,743.5,104.57542953491212,12.459717750549316
1487,744.0,105.19888534545899,12.77797031402588
1488,744.5,105.86206550598145,13.31643295288086
1489,745.0,107.15709686279297,13.901408195495604
1490,745.5,108.27077941894531,14.414565086364746
1491,746.0,109.85367736816407,15.047016143798828
1492,746.5,111.88836135864258,15.655911445617676
1493,747.0,113.66088027954102,16.261863708496094
1494,747.5,115.69745254516602,16.93118667602539
1495,748.0,116.61439208984375,17.168960571289062
1496,748.5,118.33402023000001,17.656164169311523
1497,749.0,120.47748031616212,18.295574188232425
1498,749.5,122.76651306152344,19.13887596130371
1499,750.0,124.93179702758789,19.715858459472656
1500,750.5,127.12029724121093,20.61356735229492
1501,751.0,129.59492645263674,21.386137008666992
1502,751.5,132.18943252563477,22.461681365966797
1503,752.0,135.30058594000002,23.644519805908203
1504,752.5,136.0913314819336,24.04954719543457
1505,753.0,138.89312438964845,25.134937286376953
1506,753.5,139.41690979003909,24.790706634521484
1507,754.0,141.12224426269532,25.589763641357425
1508,754.5,143.18844909667968,26.34043312072754
1509,755.0,144.19032287597656,26.30399513244629
1510,755.5,144.07732849121095,26.026376724243164
1511,756.0,144.7453323364258,26.72871971130371
1512,756.5,146.00449981689454,27.81628799438477
1513,757.0,144.55728454589843,27.23392105102539
1514,757.5,141.25908660888672,26.453641891479492
1515,758.0,137.27267532348634,25.156896591186523
1516,758.5,134.35135803222659,24.23450279
1517,759.0,129.97166290283204,22.29057502746582
1518,759.5,127.89569016,21.631074905395508
1519,760.0,126.00698852539062,21.095449447631836
1520,760.5,123.78066329956054,19.89771270751953
1521,761.0,123.07059631347657,19.249677658081055
1522,761.5,121.62921371459962,18.269916534423828
1523,762.0,120.5830795288086,17.65758514404297
1524,762.5,119.26550674438477,16.666343688964844
1525,763.0,118.12588195800781,16.080610275268555
1526,763.5,117.00025329589845,15.275506019592283
1527,764.0,116.95784606933594,15.021846771240234
1528,764.5,115.99521942138672,14.583168029785156
1529,765.0,116.76927185058594,14.77059841156006
1530,765.5,116.12548904418945,14.250142097473145
1531,766.0,115.83689270019532,14.024080276489258
1532,766.5,114.54593887329102,13.389963150024414
1533,767.0,113.40631790161133,12.703570365905762
1534,767.5,113.25248718261719,12.69337272644043
1535,768.0,112.94635848999025,12.809443473815918
1536,768.5,114.10718688964845,13.574048042297363
1537,769.0,116.12751617431641,14.60598373413086
1538,769.5,118.06210632324219,15.759787559509276
1539,770.0,122.25492095947266,17.564617156982422
1540,770.5,124.92911987304689,18.915681838989254
1541,771.0,129.0130096435547,20.813352584838867
1542,771.5,131.3774856567383,21.465850830078125
1543,772.0,134.6296875,22.59984779
1544,772.5,136.46692276000977,23.553651809692383
1545,773.0,137.25137786865236,23.98931884765625
1546,773.5,139.09854278564455,24.618478775024418
1547,774.0,139.46322479248047,25.357091903686523
1548,774.5,140.14327163696288,26.131433486938477
1549,775.0,141.11173629760742,27.042631149291992
1550,775.5,139.91268234,26.61264419555664
1551,776.0,139.47963867,26.24687385559082
1552,776.5,138.0027603149414,25.770723342895508
1553,777.0,139.14947052001952,26.05575180053711
1554,777.5,138.32331085205078,25.76308822631836
1555,778.0,136.2708709716797,24.76915168762207
1556,778.5,133.26000747680666,23.74480438232422
1557,779.0,128.69789352416993,21.644155502319336
1558,779.5,123.54375381469727,19.429344177246097
1559,780.0,120.52792358398438,17.680421829223633
1560,780.5,119.29497604370118,17.004222869873047
1561,781.0,117.85803375244141,16.250812530517578
1562,781.5,118.85343399047852,16.337087631225586
1563,782.0,116.25636978149414,15.037882804870604
1564,782.5,113.27874374389648,13.64569091796875
1565,783.0,109.86237793000001,12.232426643371582
1566,783.5,106.52450523376466,10.914714813232422
1567,784.0,103.62603988647462,10.071321487426758
1568,784.5,101.06531639099121,8.923887252807617
1569,785.0,98.78809356689453,7.890373706817627
1570,785.5,98.69237785339357,7.689459800720215
1571,786.0,98.46108589172364,7.588954448699951
1572,786.5,98.40502586364747,7.526818275
1573,787.0,98.18727226257325,7.328217506408691
1574,787.5,98.47596740722656,7.500245571136475
1575,788.0,98.41899185180665,7.225902557373047
1576,788.5,98.94643555,7.292264461517334
1577,789.0,99.0765537261963,7.1352057456970215
1578,789.5,99.53323860168457,7.418436527252197
1579,790.0,100.19975471496582,7.800193786621094
1580,790.5,100.68308334350587,7.923542976379395
1581,791.0,101.4798942565918,8.195452690124512
1582,791.5,102.33727493286133,8.579049110412598
1583,792.0,102.80986137390137,8.810548782348633
1584,792.5,103.49000549316406,9.192270278930664
1585,793.0,104.14138488769532,9.413029670715332
1586,793.5,104.75066719055177,9.557799339294434
1587,794.0,105.4603313446045,9.756797790527344
1588,794.5,105.8917610168457,9.927969932556152
1589,795.0,106.30327796936035,10.065457344055176
1590,795.5,106.30202751159669,10.02149772644043
1591,796.0,106.52717933654786,10.097187995910645
1592,796.5,106.07980957000001,9.896108627319336
1593,797.0,106.2213851928711,10.00254726409912
1594,797.5,106.30889701843262,10.35121726989746
1595,798.0,105.84168510437013,10.251717567443848
1596,798.5,105.72053298950196,10.144558906555176
1597,799.0,105.22842636108399,9.91250705718994
1598,799.5,105.16264266967774,9.833167076
1599,800.0,105.50436782836914,9.884985924
1600,800.5,105.14435463000001,9.752000809
1601,801.0,104.63609848022462,9.540783882141112
1602,801.5,103.86427536010743,9.391151428222656
1603,802.0,103.20967407226563,9.179052352905272
1604,802.5,102.52895545959473,8.966877937316895
1605,803.0,102.27005462646486,8.832929611206055
1606,803.5,102.35437736511231,8.840303421020508
1607,804.0,102.7792953491211,9.009480476379396
1608,804.5,103.24602432250977,9.048800468444824
1609,805.0,103.84347534179688,9.085669518
1610,805.5,104.79804306030275,9.25929832458496
1611,806.0,105.57502899169923,9.577902793884276
1612,806.5,106.17942848205567,9.844713211
1613,807.0,107.23903388977051,10.41111946105957
1614,807.5,108.29679679870605,10.997276306152344
1615,808.0,108.62622528076173,11.34864902496338
1616,808.5,109.15209541320802,11.75415325164795
1617,809.0,110.09652748,12.096970558166504
1618,809.5,110.72768325805664,12.277700424194336
1619,810.0,111.22133445739746,12.264262199401855
1620,810.5,110.89289169311525,12.114645957946776
1621,811.0,110.96682319641114,11.999587059020996
1622,811.5,110.3049472808838,11.736320495605469
1623,812.0,111.11002464294434,12.21072769165039
1624,812.5,111.30094528198242,12.494379997253418
1625,813.0,111.16969566345216,12.354775428771973
1626,813.5,111.27697525024415,12.03851604
1627,814.0,112.76045455932618,12.274271965026855
1628,814.5,113.1311637878418,12.175945281982422
1629,815.0,114.08000183105469,12.423023223876951
1630,815.5,115.6827133178711,12.98275375366211
1631,816.0,116.47498856000001,13.44664192199707
1632,816.5,117.4199432373047,13.915719032287598
1633,817.0,118.16297836303711,14.438384056091309
1634,817.5,119.12059020996094,14.82119083404541
1635,818.0,119.38834838867189,14.993191719055176
1636,818.5,120.76761398000001,15.770359992980955
1637,819.0,121.44357528686524,16.179481506347656
1638,819.5,122.44544525146486,16.96189308166504
1639,820.0,123.39433288574219,17.55687713623047
1640,820.5,123.74171905517579,18.14278221130371
1641,821.0,123.3423439025879,18.278579711914062
1642,821.5,123.41544952392579,18.251773834228516
1643,822.0,122.74874420166017,17.91607666015625
1644,822.5,121.50543212890625,17.36541748046875
1645,823.0,119.39450912475587,16.449140548706055
1646,823.5,117.67495880126954,15.591343879699709
1647,824.0,116.71546783447266,15.080507278442385
1648,824.5,115.10604782104492,14.464431762695312
1649,825.0,112.97784996032715,13.257394790649414
1650,825.5,112.15755920410157,12.417984008789062
1651,826.0,111.94728240966798,11.830873489379885
1652,826.5,112.61490097045899,11.721024513244627
1653,827.0,113.27266235351563,11.66608715057373
1654,827.5,114.87664413452148,12.131382942199709
1655,828.0,117.06566696166993,12.762137413024902
1656,828.5,118.56355438232423,13.12281608581543
1657,829.0,120.79973068237305,13.902623176574709
1658,829.5,121.9098731994629,14.17189121246338
1659,830.0,123.54639816,14.648625373840332
1660,830.5,125.79177551269532,15.372246742248535
1661,831.0,127.92490539550782,16.042173385620117
1662,831.5,130.18567123413087,17.014802932739258
1663,832.0,133.07965393066405,18.26501465
