time,Phi2_t,Phi2_kxt,Phi2_kyt,Phi2_kxkyt,Phi2_zt,Apar2_t,Apar2_kxt,Apar2_kyt,Apar2_kxkyt,Apar2_zt,Phi2_zonal_t,Phi2_zonal_kxt,Phi2_zonal_zt,Wg_st,Wg_kxst,Wg_kyst,Wg_kxkyst,Wg_zst,Wg_lmst,Wphi_st,Wphi_kxst,Wphi_kyst,Wphi_kxkyst,Wphi_zst,Wapar_st,Wapar_kxst,Wapar_kyst,Wapar_kxkyst,Wapar_zst,HeatFlux_st,HeatFlux_kxst,HeatFlux_kyst,HeatFlux_kxkyst,HeatFlux_zst,HeatFluxES_st,HeatFluxES_kxst,HeatFluxES_kyst,HeatFluxES_kxkyst,HeatFluxES_zst,HeatFluxApar_st,HeatFluxApar_kxst,HeatFluxApar_kyst,HeatFluxApar_kxkyst,HeatFluxApar_zst,HeatFluxBpar_st,HeatFluxBpar_kxst,HeatFluxBpar_kyst,HeatFluxBpar_kxkyst,HeatFluxBpar_zst,ParticleFlux_st,ParticleFlux_kxst,ParticleFlux_kyst,ParticleFlux_kxkyst,ParticleFlux_zst,TurbulentHeating_st,TurbulentHeating_kxst,TurbulentHeating_kyst,TurbulentHeating_kxkyst,TurbulentHeating_zst
0.012685261449244091,0.00010393737,9.3922e-08,1.7988564e-15,2.3489613e-17,1.804775e-06,0.0,0.0,0.0,0.0,0.0,1.7988566e-15,2.3489613e-17,5.0043037e-17,0.001300359,1.0398835e-05,3.1314063e-14,7.591797e-16,1.9297579e-05,0.0013001692,3.4859942e-05,5.9193347e-08,1.1582134e-15,1.8920815e-17,5.0422767e-07,0.0,0.0,0.0,0.0,0.0,8.3983593e-07,2.0594584e-09,0.0,0.0,1.8439335e-08,8.3983593e-07,2.0594584e-09,0.0,0.0,1.8439335e-08,0.0,0.0,0.0,0.0,0.0,0.0,0.0,0.0,0.0,0.0,0.0,0.0,0.0,0.0,0.0,-6.441567e-12,1.2657159e-13,0.0,0.0,-3.6432082e-13
3.1840006237602876,6.316067e-05,1.0159181e-07,5.736436e-06,1.0785869e-17,1.8517204e-06,0.0,0.0,0.0,0.0,0.0,8.234783e-11,1.0785869e-17,5.489058e-17,0.001252608,1.0761752e-05,1.968455e-05,5.783069e-16,1.9478404e-05,5.3600257e-08,2.0616812e-05,6.388072e-08,9.772551e-07,8.441012e-18,5.281767e-07,0.0,0.0,0.0,0.0,0.0,5.32502e-05,2.0414692e-09,4.354161e-10,0.0,1.9623185e-08,5.32502e-05,2.0414692e-09,4.354161e-10,0.0,1.9623185e-08,0.0,0.0,0.0,0.0,0.0,0.0,0.0,0.0,0.0,0.0,0.0,0.0,0.0,0.0,0.0,-5.912892e-14,-1.6667699e-13,8.031008e-13,0.0,-6.012323e-13
6.355315986071283,5.4422206e-05,1.1951796e-07,4.4731796e-06,2.087618e-17,1.9008148e-06,0.0,0.0,0.0,0.0,0.0,1.5582827e-10,2.0876179e-17,5.989743e-17,0.0013731748,9.986352e-06,1.8803326e-05,1.0645555e-15,2.0037742e-05,1.9211188e-09,1.621962e-05,7.2139976e-08,9.04564e-07,1.6307581e-17,5.562165e-07,0.0,0.0,0.0,0.0,0.0,5.7048506e-05,2.7527747e-09,1.3323826e-09,0.0,2.0696474e-08,5.7048506e-05,2.7527747e-09,1.3323826e-09,0.0,2.0696474e-08,0.0,0.0,0.0,0.0,0.0,0.0,0.0,0.0,0.0,0.0,0.0,0.0,0.0,0.0,0.0,3.1407051e-12,3.753569e-14,1.1223843e-12,0.0,-1.9120862e-12
9.526631348382251,6.49417e-05,1.2856894e-07,5.8520636e-06,1.9546203e-17,1.9599534e-06,0.0,0.0,0.0,0.0,0.0,2.944215e-10,1.9546202e-17,6.4977095e-17,0.001519647,1.03918055e-05,2.0894138e-05,7.0335594e-16,2.0968075e-05,7.396924e-10,1.7094186e-05,7.7638994e-08,1.1110245e-06,1.5543468e-17,5.906679e-07,0.0,0.0,0.0,0.0,0.0,7.117415e-05,2.7883906e-09,3.876168e-09,0.0,2.1857698e-08,7.117415e-05,2.7883906e-09,3.876168e-09,0.0,2.1857698e-08,0.0,0.0,0.0,0.0,0.0,0.0,0.0,0.0,0.0,0.0,0.0,0.0,0.0,0.0,0.0,1.3928023e-11,-8.586553e-14,4.2832177e-13,0.0,2.8287667e-13
12.697946710693218,9.03348e-05,1.1291689e-07,5.739107e-06,1.1650025e-17,2.0252369e-06,0.0,0.0,0.0,0.0,0.0,6.6156514e-10,1.1650026e-17,6.931195e-17,0.0018008527,1.0824667e-05,2.1618123e-05,6.2050256e-16,2.210638e-05,2.6763533e-10,2.1468113e-05,7.074283e-08,1.0954259e-06,9.1471915e-18,6.2945844e-07,0.0,0.0,0.0,0.0,0.0,0.00010251226,2.497582e-09,6.6191226e-09,0.0,2.2964612e-08,0.00010251226,2.497582e-09,6.6191226e-09,0.0,2.2964612e-08,0.0,0.0,0.0,0.0,0.0,0.0,0.0,0.0,0.0,0.0,0.0,0.0,0.0,0.0,0.0,3.8318668e-11,-7.673983e-14,-6.3587536e-13,0.0,9.9725566e-14
15.869262073004185,0.00014298085,1.1110683e-07,4.910983e-06,3.291359e-17,2.0864136e-06,0.0,0.0,0.0,0.0,0.0,1.6198337e-09,3.291359e-17,7.14941e-17,0.0023678106,8.753689e-06,1.960219e-05,9.932503e-16,2.314018e-05,9.0778635e-11,3.1558666e-05,6.7745006e-08,9.3160486e-07,2.5555896e-17,6.665259e-07,0.0,0.0,0.0,0.0,0.0,0.00016649901,2.4602276e-09,8.572341e-09,0.0,2.374492e-08,0.00016649901,2.4602276e-09,8.572341e-09,0.0,2.374492e-08,0.0,0.0,0.0,0.0,0.0,0.0,0.0,0.0,0.0,0.0,0.0,0.0,0.0,0.0,0.0,-6.2698553e-12,7.235755e-14,-3.6028944e-13,0.0,-4.376669e-13
19.040577435315576,0.00024911985,1.352426e-07,6.55684e-06,4.103197e-17,2.129995e-06,0.0,0.0,0.0,0.0,0.0,4.223465e-09,4.103197e-17,7.050913e-17,0.0035088528,1.0158751e-05,2.1791948e-05,1.1554279e-15,2.382667e-05,2.7532981e-11,5.2518997e-05,8.125178e-08,1.3259164e-06,3.165958e-17,6.9470843e-07,0.0,0.0,0.0,0.0,0.0,0.00029580694,2.8770077e-09,1.5966272e-08,0.0,2.388024e-08,0.00029580694,2.8770077e-09,1.5966272e-08,0.0,2.388024e-08,0.0,0.0,0.0,0.0,0.0,0.0,0.0,0.0,0.0,0.0,0.0,0.0,0.0,0.0,0.0,-1.827323e-10,-4.884177e-14,1.5974766e-12,0.0,1.5878099e-13
22.211892797626987,0.0004628657,1.4458793e-07,5.655061e-06,3.2609283e-17,2.1602305e-06,0.0,0.0,0.0,0.0,0.0,1.1400769e-08,3.2609286e-17,6.72781e-17,0.0057967803,9.817265e-06,2.4755216e-05,1.0094443e-15,2.4361225e-05,4.1581903e-12,9.515799e-05,8.7849486e-08,1.3500187e-06,2.498171e-17,7.1585987e-07,0.0,0.0,0.0,0.0,0.0,0.000557002,3.1769716e-09,1.8356847e-08,0.0,2.348538e-08,0.000557002,3.1769716e-09,1.8356847e-08,0.0,2.348538e-08,0.0,0.0,0.0,0.0,0.0,0.0,0.0,0.0,0.0,0.0,0.0,0.0,0.0,0.0,0.0,-3.221208e-13,4.934983e-14,-1.4635448e-12,0.0,7.3248655e-13
25.3832081599384,0.00089997594,1.291419e-07,4.4534104e-06,2.0934229e-17,2.1848805e-06,0.0,0.0,0.0,0.0,0.0,3.310985e-08,2.093423e-17,6.2992265e-17,0.010398068,8.752835e-06,1.9967221e-05,4.488631e-16,2.4949273e-05,2.0358446e-08,0.00018199574,7.8214214e-08,1.1235118e-06,1.5840456e-17,7.3371405e-07,0.0,0.0,0.0,0.0,0.0,0.0010913528,2.9116332e-09,1.8266206e-08,0.0,2.2764192e-08,0.0010913528,2.9116332e-09,1.8266206e-08,0.0,2.2764192e-08,0.0,0.0,0.0,0.0,0.0,0.0,0.0,0.0,0.0,0.0,0.0,0.0,0.0,0.0,0.0,1.730178e-10,8.1911244e-14,-7.058324e-13,0.0,-6.2226976e-13
28.55452352224981,0.0018067532,1.7573194e-07,4.300169e-06,7.121689e-18,2.2043484e-06,0.0,0.0,0.0,0.0,0.0,1.0486498e-07,7.12169e-18,5.8138965e-17,0.019769644,1.08361755e-05,2.2081884e-05,1.7676184e-16,2.5577716e-05,1.1169875e-10,0.00036088866,1.0417196e-07,1.1743352e-06,5.5381926e-18,7.4815716e-07,0.0,0.0,0.0,0.0,0.0,0.0022011572,3.6812644e-09,2.1518897e-08,0.0,2.178113e-08,0.0022011572,3.6812644e-09,2.1518897e-08,0.0,2.178113e-08,0.0,0.0,0.0,0.0,0.0,0.0,0.0,0.0,0.0,0.0,0.0,0.0,0.0,0.0,0.0,3.2493286e-10,-3.3774253e-15,1.6242028e-12,0.0,6.7621755e-13
31.72583888456122,0.0037082727,1.8650357e-07,4.3351415e-06,2.0786897e-17,2.2189479e-06,0.0,0.0,0.0,0.0,0.0,3.6517264e-07,2.0786897e-17,5.3100965e-17,0.03912651,1.1554727e-05,1.9313931e-05,6.9895354e-16,2.6231415e-05,1.0498919e-11,0.00073407235,1.09075515e-07,1.1891332e-06,1.5612338e-17,7.5925493e-07,0.0,0.0,0.0,0.0,0.0,0.0045318906,3.9931978e-09,2.4963006e-08,0.0,2.0622085e-08,0.0045318906,3.9931978e-09,2.4963006e-08,0.0,2.0622085e-08,0.0,0.0,0.0,0.0,0.0,0.0,0.0,0.0,0.0,0.0,0.0,0.0,0.0,0.0,0.0,2.3177567e-09,-1.0521711e-14,-2.4248607e-12,0.0,-1.1591671e-12
34.89715424687182,0.0077303746,1.8306747e-07,4.230892e-06,1.07577155e-17,2.2294146e-06,0.0,0.0,0.0,0.0,0.0,1.3780501e-06,1.07577155e-17,4.8112206e-17,0.07960097,9.648933e-06,2.2142387e-05,2.8190797e-16,2.6897034e-05,1.5614979e-12,0.0015206389,1.04220604e-07,1.253369e-06,8.001416e-18,7.673667e-07,0.0,0.0,0.0,0.0,0.0,0.009468554,3.8862216e-09,2.815218e-08,0.0,1.9382092e-08,0.009468554,3.8862216e-09,2.815218e-08,0.0,1.9382092e-08,0.0,0.0,0.0,0.0,0.0,0.0,0.0,0.0,0.0,0.0,0.0,0.0,0.0,0.0,0.0,-1.6666353e-09,-1.2712864e-13,-2.5205025e-12,0.0,3.5344725e-13
38.068469609182344,0.016298639,1.9280364e-07,3.889201e-06,6.8165936e-17,2.2364197e-06,0.0,0.0,0.0,0.0,0.0,5.5535893e-06,6.816594e-17,4.3257023e-17,0.16506675,9.797257e-06,2.0579895e-05,1.478568e-15,2.7562033e-05,2.9280332e-13,0.0031918187,1.09930724e-07,1.2127556e-06,5.0389414e-17,7.729653e-07,0.0,0.0,0.0,0.0,0.0,0.019997615,3.9569437e-09,2.940801e-08,0.0,1.8146693e-08,0.019997615,3.9569437e-09,2.940801e-08,0.0,1.8146693e-08,0.0,0.0,0.0,0.0,0.0,0.0,0.0,0.0,0.0,0.0,0.0,0.0,0.0,0.0,0.0,1.0065329e-09,1.08796435e-14,9.441236e-13,0.0,2.946871e-14
41.23978497149287,0.034665324,1.8211793e-07,3.4938357e-06,5.812144e-17,2.2411195e-06,0.0,0.0,0.0,0.0,0.0,2.3465356e-05,5.8121455e-17,3.854026e-17,0.3469449,9.407125e-06,1.8764851e-05,1.0679862e-15,2.822144e-05,6.0252374e-14,0.006765702,1.05466455e-07,1.1263509e-06,4.259847e-17,7.767851e-07,0.0,0.0,0.0,0.0,0.0,0.042584054,4.046454e-09,2.7824587e-08,0.0,1.697698e-08,0.042584054,4.046454e-09,2.7824587e-08,0.0,1.697698e-08,0.0,0.0,0.0,0.0,0.0,0.0,0.0,0.0,0.0,0.0,0.0,0.0,0.0,0.0,0.0,3.4844199e-09,-7.498083e-14,-1.5561789e-12,0.0,3.0635634e-13
44.41110033380339,0.07425542,2.3865803e-07,3.2016346e-06,1.6143416e-17,2.2444397e-06,0.0,0.0,0.0,0.0,0.0,0.00010299702,1.6143417e-17,3.393009e-17,0.73637885,1.1572595e-05,2.0100248e-05,2.5482494e-16,2.8869186e-05,1.2987643e-14,0.014449431,1.3530017e-07,1.1114989e-06,1.1825245e-17,7.794663e-07,0.0,0.0,0.0,0.0,0.0,0.091255814,5.222823e-09,2.8550145e-08,0.0,1.59095e-08,0.091255814,5.222823e-09,2.8550145e-08,0.0,1.59095e-08,0.0,0.0,0.0,0.0,0.0,0.0,0.0,0.0,0.0,0.0,0.0,0.0,0.0,0.0,0.0,5.5947485e-08,-2.8049188e-13,-7.469331e-13,0.0,9.424305e-15
47.58241569611391,0.16001908,2.1856323e-07,3.2709336e-06,1.1259943e-17,2.2468969e-06,0.0,0.0,0.0,0.0,0.0,0.00046457798,1.1259944e-17,2.941453e-17,1.5739924,1.00283705e-05,2.1411734e-05,1.7604714e-16,2.9494138e-05,3.3626715e-15,0.031034332,1.2500828e-07,1.2041467e-06,8.220235e-18,7.8139647e-07,0.0,0.0,0.0,0.0,0.0,0.19644216,4.4850865e-09,3.2244444e-08,0.0,1.4957621e-08,0.19644216,4.4850865e-09,3.2244444e-08,0.0,1.4957621e-08,0.0,0.0,0.0,0.0,0.0,0.0,0.0,0.0,0.0,0.0,0.0,0.0,0.0,0.0,0.0,-1.3216984e-07,-1.167087e-13,-6.1369844e-13,0.0,-5.6723165e-13
50.753731058424435,0.3466158,2.3372145e-07,3.2980795e-06,6.320909e-18,2.2487698e-06,0.0,0.0,0.0,0.0,0.0,0.0021208252,6.3209097e-18,2.5024321e-17,3.3800802,1.0030596e-05,2.2434431e-05,7.7611584e-17,3.008518e-05,1.1123243e-07,0.06689663,1.3102937e-07,1.2693921e-06,4.5809275e-18,7.828296e-07,0.0,0.0,0.0,0.0,0.0,0.42383918,4.2248036e-09,3.494216e-08,0.0,1.4123291e-08,0.42383918,4.2248036e-09,3.494216e-08,0.0,1.4123291e-08,0.0,0.0,0.0,0.0,0.0,0.0,0.0,0.0,0.0,0.0,0.0,0.0,0.0,0.0,0.0,-7.04584e-08,6.0019155e-14,2.086843e-12,0.0,5.7955046e-13
53.92504642073496,0.75410676,2.563824e-07,2.7358733e-06,1.4177723e-17,2.2502713e-06,0.0,0.0,0.0,0.0,0.0,0.009659044,1.4177725e-17,2.0834868e-17,7.2733293,1.1154782e-05,2.0177493e-05,2.4600145e-16,3.0632254e-05,1.2227949e-09,0.14432056,1.4208577e-07,1.1055056e-06,1.0015882e-17,7.839407e-07,0.0,0.0,0.0,0.0,0.0,0.9134905,5.224247e-09,2.9298645e-08,0.0,1.340028e-08,0.9134905,5.224247e-09,2.9298645e-08,0.0,1.340028e-08,0.0,0.0,0.0,0.0,0.0,0.0,0.0,0.0,0.0,0.0,0.0,0.0,0.0,0.0,0.0,8.8873264e-08,-2.904865e-13,-8.263178e-13,0.0,1.0535253e-12
57.09636178304548,1.6476884,2.8151973e-07,2.7298602e-06,1.4349079e-18,2.2514841e-06,0.0,0.0,0.0,0.0,0.0,0.04349741,1.4349079e-18,1.6942317e-17,15.627647,1.0295514e-05,2.1338148e-05,3.041599e-17,3.1125834e-05,2.6927255e-10,0.31042275,1.554667e-07,1.1482596e-06,1.0217666e-18,7.8482253e-07,0.0,0.0,0.0,0.0,0.0,1.9568295,5.242942e-09,3.0083058e-08,0.0,1.2783035e-08,1.9568295,5.242942e-09,3.0083058e-08,0.0,1.2783035e-08,0.0,0.0,0.0,0.0,0.0,0.0,0.0,0.0,0.0,0.0,0.0,0.0,0.0,0.0,0.0,4.6831522e-07,-2.762886e-13,-1.7139387e-12,0.0,-1.4902999e-13
60.267677145356004,3.6222606,3.610993e-07,2.5324553e-06,3.1052625e-17,2.25249e-06,0.0,0.0,0.0,0.0,0.0,0.19368675,3.1052625e-17,1.3450496e-17,33.35923,1.1762988e-05,2.1974865e-05,4.2794074e-16,3.15583e-05,5.9740865e-11,0.6621947,1.953064e-07,1.1223281e-06,2.2086085e-17,7.8554103e-07,0.0,0.0,0.0,0.0,0.0,4.1363297,6.8701196e-09,3.1407158e-08,0.0,1.2265446e-08,4.1363297,6.8701196e-09,3.1407158e-08,0.0,1.2265446e-08,0.0,0.0,0.0,0.0,0.0,0.0,0.0,0.0,0.0,0.0,0.0,0.0,0.0,0.0,0.0,1.346802e-06,7.6721764e-14,-8.6642244e-13,0.0,1.1959389e-12
63.438992507666526,8.070681,3.019991e-07,2.0635334e-06,4.6820573e-17,2.25331e-06,0.0,0.0,0.0,0.0,0.0,0.8678235,4.6820577e-17,1.0451229e-17,70.24565,9.985349e-06,2.0159747e-05,5.8061176e-16,3.192275e-05,1.2601411e-11,1.3908497,1.5883343e-07,9.596031e-07,3.2002162e-17,7.8612493e-07,0.0,0.0,0.0,0.0,0.0,8.54065,5.620438e-09,2.8416082e-08,0.0,1.1844644e-08,8.54065,5.620438e-09,2.8416082e-08,0.0,1.1844644e-08,0.0,0.0,0.0,0.0,0.0,0.0,0.0,0.0,0.0,0.0,0.0,0.0,0.0,0.0,0.0,-4.791962e-06,1.1364098e-13,-3.7527506e-13,0.0,-2.4529613e-13
66.61030786997851,18.799118,2.8899262e-07,1.7571879e-06,3.9692427e-18,2.253957e-06,0.0,0.0,0.0,0.0,0.0,4.164666,3.9692427e-18,8.021441e-18,144.5338,9.069983e-06,1.7812818e-05,7.874173e-17,3.2212985e-05,2.4652591e-12,2.861701,1.5842281e-07,8.424231e-07,2.8622364e-18,7.8658337e-07,0.0,0.0,0.0,0.0,0.0,16.970778,5.2283267e-09,2.2746732e-08,0.0,1.1518021e-08,16.970778,5.2283267e-09,2.2746732e-08,0.0,1.1518021e-08,0.0,0.0,0.0,0.0,0.0,0.0,0.0,0.0,0.0,0.0,0.0,0.0,0.0,0.0,0.0,2.7208443e-06,5.997542e-14,2.0767134e-13,0.0,-1.6395074e-12
69.78162323229081,47.14081,3.49741e-07,1.8217644e-06,2.4414615e-17,2.2544214e-06,0.0,0.0,0.0,0.0,0.0,20.688494,2.4414613e-17,6.216025e-18,283.31528,1.0279113e-05,2.0338794e-05,3.406991e-16,3.2423915e-05,4.531231e-13,5.945898,1.8349918e-07,9.1125446e-07,1.700448e-17,7.8691323e-07,0.0,0.0,0.0,0.0,0.0,29.295977,6.746787e-09,2.558824e-08,0.0,1.1285152e-08,29.295977,6.746787e-09,2.558824e-08,0.0,1.1285152e-08,0.0,0.0,0.0,0.0,0.0,0.0,0.0,0.0,0.0,0.0,0.0,0.0,0.0,0.0,0.0,3.111316e-06,-2.3451312e-13,-4.3924911e-13,0.0,-2.9207718e-13
72.95293859460311,87.06403,2.796702e-07,1.8142831e-06,2.676687e-17,2.254704e-06,0.0,0.0,0.0,0.0,0.0,58.500023,2.676687e-17,5.072686e-18,444.70758,9.51653e-06,2.1403854e-05,3.1797553e-16,3.2551958e-05,8.055011e-14,11.148663,1.515705e-07,9.316268e-07,1.7944724e-17,7.8711344e-07,0.0,0.0,0.0,0.0,0.0,20.32155,5.1126134e-09,2.4014433e-08,0.0,1.1145304e-08,20.32155,5.1126134e-09,2.4014433e-08,0.0,1.1145304e-08,0.0,0.0,0.0,0.0,0.0,0.0,0.0,0.0,0.0,0.0,0.0,0.0,0.0,0.0,0.0,-1.745671e-05,2.541048e-13,2.623844e-13,0.0,-1.0469957e-12
76.12425395691541,65.337395,3.841027e-07,1.5825412e-06,1.8611167e-17,2.2548006e-06,0.0,0.0,0.0,0.0,0.0,50.654694,1.8611168e-17,4.6108975e-18,435.99448,1.0341432e-05,2.1327367e-05,2.2394701e-16,3.25949e-05,1.9476322e-12,8.660898,1.9617679e-07,8.425987e-07,1.22286014e-17,7.871811e-07,0.0,0.0,0.0,0.0,0.0,6.8891544,7.118966e-09,2.3051896e-08,0.0,1.1098718e-08,6.8891544,7.118966e-09,2.3051896e-08,0.0,1.1098718e-08,0.0,0.0,0.0,0.0,0.0,0.0,0.0,0.0,0.0,0.0,0.0,0.0,0.0,0.0,0.0,-9.782612e-06,1.5495285e-13,2.3054662e-13,0.0,-1.542952e-12
79.29556931922771,42.795082,4.2560455e-07,1.6077879e-06,8.3025806e-18,2.2547033e-06,0.0,0.0,0.0,0.0,0.0,33.49565,8.3025806e-18,4.836631e-18,331.89655,1.0624047e-05,2.373942e-05,1.5571473e-16,3.2551958e-05,3.5823964e-14,4.5824337,2.1414844e-07,8.8263823e-07,5.4140878e-18,7.871133e-07,0.0,0.0,0.0,0.0,0.0,4.2601814,7.231198e-09,2.4171253e-08,0.0,1.1145152e-08,4.2601814,7.231198e-09,2.4171253e-08,0.0,1.1145152e-08,0.0,0.0,0.0,0.0,0.0,0.0,0.0,0.0,0.0,0.0,0.0,0.0,0.0,0.0,0.0,-1.4891848e-06,-1.4914887e-13,-9.721814e-13,0.0,-8.7019725e-13
82.46688468154001,24.143005,4.795395e-07,1.1864952e-06,1.1376499e-17,2.2544227e-06,0.0,0.0,0.0,0.0,0.0,17.05254,1.1376499e-17,5.7408543e-18,243.42725,1.0339689e-05,1.975173e-05,1.2176408e-16,3.2423923e-05,5.14662e-15,2.6637058,2.4381092e-07,6.6898303e-07,7.518016e-18,7.869136e-07,0.0,0.0,0.0,0.0,0.0,3.6827624,7.2462556e-09,1.870908e-08,0.0,1.128474e-08,3.6827624,7.2462556e-09,1.870908e-08,0.0,1.128474e-08,0.0,0.0,0.0,0.0,0.0,0.0,0.0,0.0,0.0,0.0,0.0,0.0,0.0,0.0,0.0,-2.3548491e-06,4.437482e-13,2.2288324e-14,0.0,1.05194716e-13
85.63820004385231,21.559072,3.7790437e-07,1.0254007e-06,1.7903229e-17,2.2539548e-06,0.0,0.0,0.0,0.0,0.0,15.089441,1.790323e-17,7.300305e-18,191.68149,1.0108767e-05,1.803437e-05,1.6367034e-16,3.2212974e-05,1.0157272e-15,1.9411916,1.9704535e-07,5.9516344e-07,1.0973039e-17,7.8658286e-07,0.0,0.0,0.0,0.0,0.0,3.8951979,7.106016e-09,1.640046e-08,0.0,1.1517572e-08,3.8951979,7.106016e-09,1.640046e-08,0.0,1.1517572e-08,0.0,0.0,0.0,0.0,0.0,0.0,0.0,0.0,0.0,0.0,0.0,0.0,0.0,0.0,0.0,1.831213e-06,-1.7785591e-13,6.56872e-13,0.0,-8.9166055e-13
88.8095154061646,18.114948,4.3962788e-07,1.0055085e-06,1.5808753e-17,2.2533125e-06,0.0,0.0,0.0,0.0,0.0,11.773406,1.5808753e-17,9.4741404e-18,164.8057,1.0185336e-05,2.2026948e-05,1.7519095e-16,3.192277e-05,2.266936e-16,1.7042602,2.2524911e-07,5.9918153e-07,9.168795e-18,7.861257e-07,0.0,0.0,0.0,0.0,0.0,4.006963,6.3368883e-09,1.9278623e-08,0.0,1.184382e-08,4.006963,6.3368883e-09,1.9278623e-08,0.0,1.184382e-08,0.0,0.0,0.0,0.0,0.0,0.0,0.0,0.0,0.0,0.0,0.0,0.0,0.0,0.0,0.0,-8.8568777e-07,-4.7420363e-13,1.0552396e-13,0.0,1.618059e-13
91.9808307684769,23.121298,5.843759e-07,8.8843007e-07,2.015358e-17,2.2524864e-06,0.0,0.0,0.0,0.0,0.0,16.557087,2.015358e-17,1.2201887e-17,152.39226,1.1130086e-05,2.0310312e-05,1.2949011e-16,3.155828e-05,5.2911514e-17,1.6451273,2.9155612e-07,5.401942e-07,1.1502938e-17,7.8554024e-07,0.0,0.0,0.0,0.0,0.0,4.28956,8.667348e-09,1.6476278e-08,0.0,1.2264694e-08,4.28956,8.667348e-09,1.6476278e-08,0.0,1.2264694e-08,0.0,0.0,0.0,0.0,0.0,0.0,0.0,0.0,0.0,0.0,0.0,0.0,0.0,0.0,0.0,-2.73576e-06,5.459369e-13,-5.454064e-13,0.0,-4.042436e-13
95.1521461307892,24.284157,4.843885e-07,9.1316895e-07,1.5590833e-17,2.2514887e-06,0.0,0.0,0.0,0.0,0.0,17.329338,1.5590833e-17,1.5402315e-17,148.6755,1.0478196e-05,2.1180753e-05,1.2414515e-16,3.1125863e-05,1.2602067e-17,1.6773126,2.3971148e-07,5.6615545e-07,8.5289576e-18,7.848238e-07,0.0,0.0,0.0,0.0,0.0,4.5437307,7.576032e-09,1.5430746e-08,0.0,1.2781804e-08,4.5437307,7.576032e-09,1.5430746e-08,0.0,1.2781804e-08,0.0,0.0,0.0,0.0,0.0,0.0,0.0,0.0,0.0,0.0,0.0,0.0,0.0,0.0,0.0,3.3136457e-06,-3.3756694e-13,-7.651798e-13,0.0,-2.3586894e-13
98.3234614931015,28.05981,5.495108e-07,7.918709e-07,8.44527e-18,2.2502654e-06,0.0,0.0,0.0,0.0,0.0,20.516901,8.445271e-18,1.8975116e-17,151.04501,9.9701265e-06,2.1546977e-05,5.668077e-17,3.063222e-05,3.2242115e-18,1.6946232,2.6890137e-07,5.024152e-07,4.884872e-18,7.839393e-07,0.0,0.0,0.0,0.0,0.0,5.0520635,7.892566e-09,1.5876035e-08,0.0,1.33992435e-08,5.0520635,7.892566e-09,1.5876035e-08,0.0,1.33992435e-08,0.0,0.0,0.0,0.0,0.0,0.0,0.0,0.0,0.0,0.0,0.0,0.0,0.0,0.0,0.0,-1.4512334e-06,1.4277108e-13,1.1449397e-12,0.0,1.9080796e-12
101.4947768554138,27.83488,6.943875e-07,7.124285e-07,2.0090061e-17,2.2487766e-06,0.0,0.0,0.0,0.0,0.0,19.44314,2.009006e-17,2.2810296e-17,158.23312,1.127583e-05,1.991573e-05,1.1161763e-16,3.008522e-05,3.4008046e-11,1.8438463,3.2767883e-07,4.5957322e-07,1.07049025e-17,7.8283153e-07,0.0,0.0,0.0,0.0,0.0,5.686689,8.83771e-09,1.3309961e-08,0.0,1.4121663e-08,5.686689,8.83771e-09,1.3309961e-08,0.0,1.4121663e-08,0.0,0.0,0.0,0.0,0.0,0.0,0.0,0.0,0.0,0.0,0.0,0.0,0.0,0.0,0.0,-1.08337845e-05,-1.2390542e-13,-1.1661902e-13,0.0,3.7337651e-13
104.6660922177261,32.617134,7.270532e-07,6.5037204e-07,7.352734e-18,2.2468885e-06,0.0,0.0,0.0,0.0,0.0,23.294529,7.352735e-18,2.6799772e-17,170.33861,1.0205282e-05,2.1920685e-05,4.3563308e-17,2.9494093e-05,5.5769506e-14,2.0271056,3.4131307e-07,4.2750563e-07,4.123122e-18,7.813943e-07,0.0,0.0,0.0,0.0,0.0,6.4676046,9.137311e-09,1.3946307e-08,0.0,1.4956338e-08,6.4676046,9.137311e-09,1.3946307e-08,0.0,1.4956338e-08,0.0,0.0,0.0,0.0,0.0,0.0,0.0,0.0,0.0,0.0,0.0,0.0,0.0,0.0,0.0,8.208619e-06,-1.9024767e-14,3.1699774e-14,0.0,3.5205638e-13
107.8374075800384,31.770168,5.290849e-07,6.25153e-07,2.28715e-17,2.2444501e-06,0.0,0.0,0.0,0.0,0.0,21.744732,2.28715e-17,3.085976e-17,185.2314,8.511524e-06,2.266447e-05,1.6605819e-16,2.8869248e-05,1.4788558e-14,2.2028918,2.471483e-07,4.1765702e-07,1.2592788e-17,7.7946913e-07,0.0,0.0,0.0,0.0,0.0,6.760723,6.0653695e-09,1.3716878e-08,0.0,1.5907531e-08,6.760723,6.0653695e-09,1.3716878e-08,0.0,1.5907531e-08,0.0,0.0,0.0,0.0,0.0,0.0,0.0,0.0,0.0,0.0,0.0,0.0,0.0,0.0,0.0,-7.3187985e-06,3.0784318e-14,3.585913e-13,0.0,1.5745795e-13
111.0087229423507,37.301704,5.6470583e-07,4.4048753e-07,8.881642e-18,2.2411064e-06,0.0,0.0,0.0,0.0,0.0,26.852701,8.881642e-18,3.4943563e-17,196.70609,9.571266e-06,1.7897877e-05,8.0120516e-17,2.8221377e-05,3.9940653e-15,2.2821631,2.6411988e-07,2.9876554e-07,4.877198e-18,7.7678175e-07,0.0,0.0,0.0,0.0,0.0,6.42118,7.3970496e-09,1.0217318e-08,0.0,1.6975502e-08,6.42118,7.3970496e-09,1.0217318e-08,0.0,1.6975502e-08,0.0,0.0,0.0,0.0,0.0,0.0,0.0,0.0,0.0,0.0,0.0,0.0,0.0,0.0,0.0,4.7010835e-06,1.8155944e-13,-1.2917591e-14,0.0,3.6351266e-13
114.180038304663,39.603176,6.8440295e-07,4.1117528e-07,1.7247675e-17,2.2364354e-06,0.0,0.0,0.0,0.0,0.0,28.800133,1.7247675e-17,3.9051322e-17,203.60524,9.2444625e-06,1.8574116e-05,9.2097396e-17,2.7562117e-05,9.891465e-16,2.3338008,3.1431045e-07,2.8251608e-07,9.048243e-18,7.729695e-07,0.0,0.0,0.0,0.0,0.0,6.617366,7.73314e-09,9.7841975e-09,0.0,1.8144524e-08,6.617366,7.73314e-09,9.7841975e-09,0.0,1.8144524e-08,0.0,0.0,0.0,0.0,0.0,0.0,0.0,0.0,0.0,0.0,0.0,0.0,0.0,0.0,0.0,1.0435353e-05,3.1146082e-13,-1.0789018e-14,0.0,-4.5976417e-13
117.3513536669753,46.095863,6.919775e-07,3.7560937e-07,1.3041389e-17,2.2293946e-06,0.0,0.0,0.0,0.0,0.0,35.064644,1.3041389e-17,4.319829e-17,209.7868,9.553295e-06,1.8558743e-05,6.502304e-17,2.6896943e-05,2.2335015e-16,2.4503646,3.1636552e-07,2.6131136e-07,6.3472447e-18,7.673615e-07,0.0,0.0,0.0,0.0,0.0,6.7147374,8.804078e-09,9.237038e-09,0.0,1.9380591e-08,6.7147374,8.804078e-09,9.237038e-09,0.0,1.9380591e-08,0.0,0.0,0.0,0.0,0.0,0.0,0.0,0.0,0.0,0.0,0.0,0.0,0.0,0.0,0.0,5.0554518e-06,-9.013737e-13,-7.207663e-13,0.0,-7.3570815e-13
120.5226690292876,46.002556,7.0767413e-07,3.578843e-07,3.578347e-17,2.2189733e-06,0.0,0.0,0.0,0.0,0.0,34.897095,3.578347e-17,4.737317e-17,213.86914,1.0105764e-05,2.022853e-05,1.4986836e-16,2.623154e-05,4.7350412e-17,2.414956,3.2600533e-07,2.5209778e-07,1.6425962e-17,7.5926164e-07,0.0,0.0,0.0,0.0,0.0,6.435769,8.73837e-09,9.393276e-09,0.0,2.0620025e-08,6.435769,8.73837e-09,9.393276e-09,0.0,2.0620025e-08,0.0,0.0,0.0,0.0,0.0,0.0,0.0,0.0,0.0,0.0,0.0,0.0,0.0,0.0,0.0,4.9336813e-06,-3.1032062e-13,3.329229e-13,0.0,-7.159416e-13
123.6939843915999,49.62594,8.172551e-07,3.1305834e-07,4.3677816e-18,2.2043153e-06,0.0,0.0,0.0,0.0,0.0,38.324818,4.3677816e-18,5.1480796e-17,216.07355,9.695501e-06,2.0078158e-05,2.3134521e-17,2.5577581e-05,9.702706e-18,2.4671783,3.5957476e-07,2.2332499e-07,1.6940561e-18,7.4814864e-07,0.0,0.0,0.0,0.0,0.0,6.5127215,8.9591605e-09,8.953235e-09,0.0,2.1779856e-08,6.5127215,8.9591605e-09,8.953235e-09,0.0,2.1779856e-08,0.0,0.0,0.0,0.0,0.0,0.0,0.0,0.0,0.0,0.0,0.0,0.0,0.0,0.0,0.0,-1.0198331e-05,-4.0676548e-14,-3.920387e-14,0.0,1.2229415e-12
126.8652997539122,48.654137,8.7770695e-07,2.6223682e-07,4.4844344e-18,2.184924e-06,0.0,0.0,0.0,0.0,0.0,36.94936,4.484434e-18,5.5309107e-17,219.36626,9.516101e-06,1.8005174e-05,2.1719612e-17,2.494947e-05,7.3955897e-16,2.5230575,3.5871335e-07,1.888074e-07,2.0572313e-18,7.3372524e-07,0.0,0.0,0.0,0.0,0.0,6.865553,9.214784e-09,7.753219e-09,0.0,2.2762688e-08,6.865553,9.214784e-09,7.753219e-09,0.0,2.2762688e-08,0.0,0.0,0.0,0.0,0.0,0.0,0.0,0.0,0.0,0.0,0.0,0.0,0.0,0.0,0.0,1.1303055e-05,-5.842115e-15,-1.6879982e-13,0.0,8.288994e-14
130.0366151162222,52.06582,1.1126765e-06,2.6549154e-07,1.0966417e-17,2.160171e-06,0.0,0.0,0.0,0.0,0.0,39.943207,1.0966417e-17,5.852222e-17,224.41902,1.0624239e-05,2.1656022e-05,3.0776694e-17,2.4361014e-05,4.453034e-18,2.63552,4.4557592e-07,1.9319042e-07,3.8741314e-18,7.1584503e-07,0.0,0.0,0.0,0.0,0.0,7.0139003,9.499941e-09,8.402367e-09,0.0,2.348454e-08,7.0139003,9.499941e-09,8.402367e-09,0.0,2.348454e-08,0.0,0.0,0.0,0.0,0.0,0.0,0.0,0.0,0.0,0.0,0.0,0.0,0.0,0.0,0.0,2.0786654e-05,7.544727e-14,5.460869e-14,0.0,2.6677694e-13
133.20793047853095,54.57662,9.306644e-07,2.0872841e-07,1.4038489e-17,2.130078e-06,0.0,0.0,0.0,0.0,0.0,42.743996,1.4038489e-17,6.0734234e-17,228.0342,9.83187e-06,1.9444184e-05,3.007303e-17,2.3827015e-05,8.794696e-19,2.66705,3.761932e-07,1.5342596e-07,5.6288334e-18,6.9472947e-07,0.0,0.0,0.0,0.0,0.0,6.5090275,7.89985e-09,7.1306205e-09,0.0,2.387969e-08,6.5090275,7.89985e-09,7.1306205e-09,0.0,2.387969e-08,0.0,0.0,0.0,0.0,0.0,0.0,0.0,0.0,0.0,0.0,0.0,0.0,0.0,0.0,0.0,-1.3575191e-05,-8.752266e-13,-9.822793e-14,0.0,-4.1336986e-13
136.3792458408397,54.48065,9.3512193e-07,1.8929228e-07,6.1432595e-18,2.0862904e-06,0.0,0.0,0.0,0.0,0.0,43.09314,6.1432595e-18,6.09247e-17,227.86397,9.16936e-06,2.0519336e-05,2.6409359e-17,2.3139797e-05,2.1077446e-19,2.5472188,3.6435233e-07,1.4026344e-07,2.217598e-18,6.6649534e-07,0.0,0.0,0.0,0.0,0.0,6.1871195,7.340946e-09,6.666518e-09,0.0,2.3744235e-08,6.1871195,7.340946e-09,6.666518e-09,0.0,2.3744235e-08,0.0,0.0,0.0,0.0,0.0,0.0,0.0,0.0,0.0,0.0,0.0,0.0,0.0,0.0,0.0,4.584668e-06,-6.016934e-13,-2.1649178e-14,0.0,-2.0710091e-13
139.55056120314845,51.69445,1.1685386e-06,1.8377557e-07,1.115621e-17,2.0254336e-06,0.0,0.0,0.0,0.0,0.0,40.46694,1.115621e-17,5.837252e-17,225.82224,1.0464446e-05,2.13555e-05,1.8561126e-17,2.2107166e-05,5.3503396e-20,2.4774542,4.3842127e-07,1.373139e-07,3.4433368e-18,6.2950704e-07,0.0,0.0,0.0,0.0,0.0,6.162467,9.791531e-09,7.221497e-09,0.0,2.2965315e-08,6.162467,9.791531e-09,7.221497e-09,0.0,2.2965315e-08,0.0,0.0,0.0,0.0,0.0,0.0,0.0,0.0,0.0,0.0,0.0,0.0,0.0,0.0,0.0,1.2785895e-06,-1.875317e-13,-1.4266455e-13,0.0,-8.247592e-14
142.7218765654572,52.84502,1.2587886e-06,1.5069335e-07,1.0068105e-17,1.959597e-06,0.0,0.0,0.0,0.0,0.0,41.21866,1.0068105e-17,5.4050125e-17,225.15671,1.0001195e-05,2.0141139e-05,2.0734781e-17,2.0967156e-05,1.3886379e-20,2.480084,4.4267227e-07,1.1346958e-07,2.590087e-18,5.905812e-07,0.0,0.0,0.0,0.0,0.0,6.53211,9.136036e-09,6.2955774e-09,0.0,2.1856074e-08,6.53211,9.136036e-09,6.2955774e-09,0.0,2.1856074e-08,0.0,0.0,0.0,0.0,0.0,0.0,0.0,0.0,0.0,0.0,0.0,0.0,0.0,0.0,0.0,9.766081e-07,3.2069676e-13,9.777369e-14,0.0,1.054726e-13
145.89319192776594,54.707077,1.4604042e-06,1.4025996e-07,6.610797e-18,1.9016246e-06,0.0,0.0,0.0,0.0,0.0,42.63596,6.6107973e-18,4.929761e-17,227.97607,1.0694794e-05,2.1354645e-05,1.1368925e-17,2.0041181e-05,3.6347124e-21,2.6593406,5.108154e-07,1.0637605e-07,2.0742675e-18,5.564122e-07,0.0,0.0,0.0,0.0,0.0,6.838562,1.0062875e-08,6.3000116e-09,0.0,2.0699144e-08,6.838562,1.0062875e-08,6.3000116e-09,0.0,2.0699144e-08,0.0,0.0,0.0,0.0,0.0,0.0,0.0,0.0,0.0,0.0,0.0,0.0,0.0,0.0,0.0,1.6461709e-05,6.708547e-13,2.3987984e-13,0.0,-1.2340812e-12
149.0645072900747,56.697838,1.1680966e-06,1.1418864e-07,4.9749674e-18,1.8484604e-06,0.0,0.0,0.0,0.0,0.0,44.750145,4.9749674e-18,4.4685653e-17,230.7532,1.0279728e-05,1.9490251e-05,1.1834182e-17,1.9473611e-05,1.0003443e-21,2.7441096,4.1698476e-07,8.717619e-08,1.2950273e-18,5.273949e-07,0.0,0.0,0.0,0.0,0.0,6.400265,8.825518e-09,5.5981957e-09,0.0,1.9625155e-08,6.400265,8.825518e-09,5.5981957e-09,0.0,1.9625155e-08,0.0,0.0,0.0,0.0,0.0,0.0,0.0,0.0,0.0,0.0,0.0,0.0,0.0,0.0,0.0,-1.8478837e-05,-2.400634e-13,3.7944474e-14,0.0,-1.8868444e-13
152.23582265238343,55.54843,1.3145861e-06,1.0820378e-07,5.0576193e-18,2.627297e-07,0.0,0.0,0.0,0.0,0.0,44.11081,5.0576193e-18,9.778007e-13,229.02762,9.965584e-06,2.1131931e-05,5.1996098e-18,7.720763e-06,1.8365434e-14,2.6897225,4.421869e-07,8.317277e-08,1.1346091e-18,5.8065964e-08,0.0,0.0,0.0,0.0,0.0,5.88282,8.876711e-09,5.796283e-09,0.0,1.817659e-07,5.88282,8.876711e-09,5.796283e-09,0.0,1.817659e-07,0.0,0.0,0.0,0.0,0.0,0.0,0.0,0.0,0.0,0.0,0.0,0.0,0.0,0.0,0.0,2.2117863e-05,-9.407518e-13,1.65285e-14,0.0,1.8284912e-13
155.40713801469218,50.08809,1.5637522e-06,8.521086e-08,3.879162e-18,2.704909e-07,0.0,0.0,0.0,0.0,0.0,38.923756,3.879162e-18,1.005787e-12,224.30327,1.0133788e-05,2.015531e-05,1.0801485e-17,7.740072e-06,7.974526e-18,2.448055,4.7551836e-07,6.592457e-08,7.840539e-19,5.9710004e-08,0.0,0.0,0.0,0.0,0.0,5.7635417,9.007939e-09,4.628352e-09,0.0,1.8818668e-07,5.7635417,9.007939e-09,4.628352e-09,0.0,1.8818668e-07,0.0,0.0,0.0,0.0,0.0,0.0,0.0,0.0,0.0,0.0,0.0,0.0,0.0,0.0,0.0,-1.9690604e-05,-1.4053139e-13,-2.1219768e-15,0.0,-1.9259401e-13
158.57845337700093,51.32776,2.180146e-06,7.411199e-08,2.9447378e-18,2.8736486e-07,0.0,0.0,0.0,0.0,0.0,40.181576,2.9447375e-18,1.0433455e-12,220.26656,1.2125342e-05,1.9297913e-05,3.8478573e-18,7.816374e-06,1.7898826e-18,2.4206848,6.366386e-07,5.76595e-08,5.5831807e-19,6.29517e-08,0.0,0.0,0.0,0.0,0.0,5.9160004,1.1399802e-08,4.5880353e-09,0.0,2.0437429e-07,5.9160004,1.1399802e-08,4.5880353e-09,0.0,2.0437429e-07,0.0,0.0,0.0,0.0,0.0,0.0,0.0,0.0,0.0,0.0,0.0,0.0,0.0,0.0,0.0,7.5304415e-06,1.7883481e-13,-2.7934098e-14,0.0,-1.7216808e-13
161.74976873930967,47.32079,1.3308643e-06,6.13524e-08,1.8401836e-18,3.131129e-07,0.0,0.0,0.0,0.0,0.0,35.94048,1.8401834e-18,1.0937239e-12,219.24825,9.378849e-06,1.872117e-05,3.7951307e-18,8.076976e-06,6.200507e-19,2.313624,4.0303797e-07,4.8009596e-08,3.0772385e-19,6.786124e-08,0.0,0.0,0.0,0.0,0.0,6.377431,7.6207805e-09,4.0360613e-09,0.0,2.3121504e-07,6.377431,7.6207805e-09,4.0360613e-09,0.0,2.3121504e-07,0.0,0.0,0.0,0.0,0.0,0.0,0.0,0.0,0.0,0.0,0.0,0.0,0.0,0.0,0.0,1.4831778e-05,2.8500585e-13,2.4941827e-14,0.0,2.2216098e-13
164.92108410161842,52.565285,1.4853968e-06,6.272761e-08,4.1495073e-18,3.5228925e-07,0.0,0.0,0.0,0.0,0.0,40.668205,4.1495073e-18,1.1653819e-12,222.50229,9.5748455e-06,2.1979877e-05,5.249876e-18,9.417496e-06,1.8438484e-19,2.4439888,4.27607e-07,4.93496e-08,5.050488e-19,7.745702e-08,0.0,0.0,0.0,0.0,0.0,6.80503,7.806868e-09,4.5040633e-09,0.0,2.8335648e-07,6.80503,7.806868e-09,4.5040633e-09,0.0,2.8335648e-07,0.0,0.0,0.0,0.0,0.0,0.0,0.0,0.0,0.0,0.0,0.0,0.0,0.0,0.0,0.0,-9.6503645e-06,7.874319e-14,-3.922784e-14,0.0,-9.249247e-14
168.09239946392717,54.683144,2.3096438e-06,4.9038366e-08,1.6391806e-18,4.3151323e-07,0.0,0.0,0.0,0.0,0.0,42.380753,1.6391806e-18,1.2560706e-12,227.70459,1.1803527e-05,2.0504316e-05,2.4032335e-18,1.3649547e-05,4.8344936e-20,2.5551295,5.8024676e-07,3.8782503e-08,1.8301456e-19,1.06319106e-07,0.0,0.0,0.0,0.0,0.0,6.854209,1.0091174e-08,3.6488987e-09,0.0,4.0896768e-07,6.854209,1.0091174e-08,3.6488987e-09,0.0,4.0896768e-07,0.0,0.0,0.0,0.0,0.0,0.0,0.0,0.0,0.0,0.0,0.0,0.0,0.0,0.0,0.0,-3.1148084e-06,3.7621458e-13,1.810248e-14,0.0,-3.8914084e-13
171.2637148262359,60.8498,1.7213235e-06,4.1294395e-08,2.049804e-18,5.541523e-07,0.0,0.0,0.0,0.0,0.0,48.625946,2.049804e-18,1.3524701e-12,232.3678,1.0522897e-05,1.9940699e-05,2.0286274e-18,1.8217179e-05,1.1745268e-20,2.6018593,4.85051e-07,3.282026e-08,1.943493e-19,1.5467536e-07,0.0,0.0,0.0,0.0,0.0,6.7174573,9.211226e-09,3.3587515e-09,0.0,5.944677e-07,6.7174573,9.211226e-09,3.3587515e-09,0.0,5.944677e-07,0.0,0.0,0.0,0.0,0.0,0.0,0.0,0.0,0.0,0.0,0.0,0.0,0.0,0.0,0.0,-3.5506819e-06,-1.9286844e-13,3.4662167e-14,0.0,2.1953251e-13
174.43503018854466,68.549355,2.1370156e-06,4.310494e-08,6.4177015e-19,6.7671664e-07,0.0,0.0,0.0,0.0,0.0,56.452446,6.417702e-19,1.4528344e-12,235.16402,1.1103191e-05,2.358612e-05,8.969638e-19,2.0325993e-05,2.7940848e-21,2.5910149,4.79325e-07,3.4415002e-08,4.859295e-20,1.9809227e-07,0.0,0.0,0.0,0.0,0.0,6.652214,8.843541e-09,3.960136e-09,0.0,7.774512e-07,6.652214,8.843541e-09,3.960136e-09,0.0,7.774512e-07,0.0,0.0,0.0,0.0,0.0,0.0,0.0,0.0,0.0,0.0,0.0,0.0,0.0,0.0,0.0,2.1517684e-05,1.7086885e-13,1.297873e-14,0.0,1.5228435e-13
177.6063455508534,70.82571,1.8101366e-06,2.9648257e-08,8.620777e-19,8.253364e-07,0.0,0.0,0.0,0.0,0.0,58.909492,8.6207776e-19,1.5653624e-12,235.97142,1.0357928e-05,1.9575366e-05,9.841012e-19,2.2568576e-05,6.246752e-19,2.6297421,4.4844086e-07,2.3780348e-08,4.8467472e-20,2.529671e-07,0.0,0.0,0.0,0.0,0.0,6.444666,8.350982e-09,2.7892857e-09,0.0,9.894632e-07,6.444666,8.350982e-09,2.7892857e-09,0.0,9.894632e-07,0.0,0.0,0.0,0.0,0.0,0.0,0.0,0.0,0.0,0.0,0.0,0.0,0.0,0.0,0.0,-2.434873e-05,7.813459e-13,-1.02222155e-14,0.0,2.0411097e-13
180.77766091316215,71.20975,1.7043392e-06,2.7794858e-08,3.510129e-19,9.898183e-07,0.0,0.0,0.0,0.0,0.0,59.57115,3.5101296e-19,1.6817804e-12,234.66727,8.781444e-06,2.1280955e-05,2.1158337e-19,2.4464774e-05,6.383852e-22,2.602592,3.843296e-07,2.2389276e-08,1.6099371e-20,3.1418546e-07,0.0,0.0,0.0,0.0,0.0,6.2928658,7.0865647e-09,2.8680422e-09,0.0,1.1971815e-06,6.2928658,7.0865647e-09,2.8680422e-09,0.0,1.1971815e-06,0.0,0.0,0.0,0.0,0.0,0.0,0.0,0.0,0.0,0.0,0.0,0.0,0.0,0.0,0.0,3.0635856e-06,5.566508e-14,8.621862e-15,0.0,6.613038e-13
183.9489762754709,74.02347,1.8528515e-06,2.678484e-08,2.7313269e-19,1.1745899e-06,0.0,0.0,0.0,0.0,0.0,62.559086,2.7313269e-19,1.7919102e-12,232.74803,9.467276e-06,2.3477822e-05,7.39404e-20,2.658087e-05,1.8596893e-22,2.6053393,4.110325e-07,2.1661759e-08,9.138418e-21,3.8436102e-07,0.0,0.0,0.0,0.0,0.0,6.406896,8.287355e-09,3.115626e-09,0.0,1.3798178e-06,6.406896,8.287355e-09,3.115626e-09,0.0,1.3798178e-06,0.0,0.0,0.0,0.0,0.0,0.0,0.0,0.0,0.0,0.0,0.0,0.0,0.0,0.0,0.0,1.0119984e-05,-5.9294935e-14,-1.6478975e-15,0.0,-2.8942677e-13
187.12029163777964,73.26261,2.1238116e-06,1.9608375e-08,5.203105e-20,1.3592787e-06,0.0,0.0,0.0,0.0,0.0,62.057484,5.203105e-20,1.8758818e-12,231.22955,1.1086246e-05,2.0262962e-05,2.0103024e-20,2.8868886e-05,5.5152895e-23,2.6519372,4.1700494e-07,1.592288e-08,1.0733329e-21,4.5376194e-07,0.0,0.0,0.0,0.0,0.0,6.1479416,8.363517e-09,2.449556e-09,0.0,1.5050434e-06,6.1479416,8.363517e-09,2.449556e-09,0.0,1.5050434e-06,0.0,0.0,0.0,0.0,0.0,0.0,0.0,0.0,0.0,0.0,0.0,0.0,0.0,0.0,0.0,1.4262507e-05,5.4469753e-13,-2.002574e-14,0.0,-2.9964177e-13
190.2916070000884,74.78981,2.3101065e-06,1.7027087e-08,3.4879738e-20,1.5250071e-06,0.0,0.0,0.0,0.0,0.0,64.21651,3.4879738e-20,1.929067e-12,226.03604,1.0493015e-05,2.0531006e-05,1.8059206e-20,3.0978306e-05,1.622562e-23,2.6390133,4.0327348e-07,1.3878813e-08,4.269814e-22,5.1423797e-07,0.0,0.0,0.0,0.0,0.0,5.3405576,8.007445e-09,2.3431725e-09,0.0,1.5729383e-06,5.3405576,8.007445e-09,2.3431725e-09,0.0,1.5729383e-06,0.0,0.0,0.0,0.0,0.0,0.0,0.0,0.0,0.0,0.0,0.0,0.0,0.0,0.0,0.0,2.0110747e-06,-1.3779317e-12,3.127834e-15,0.0,-1.4016291e-12
193.46292236239714,73.42625,2.1818237e-06,1.5622362e-08,2.0868985e-19,1.6602517e-06,0.0,0.0,0.0,0.0,0.0,63.67122,2.0868986e-19,1.9549664e-12,216.46216,1.1807023e-05,2.2607406e-05,7.121731e-21,3.2326854e-05,4.730977e-24,2.459139,4.52956e-07,1.2780667e-08,1.1120307e-21,5.601257e-07,0.0,0.0,0.0,0.0,0.0,4.7226715,8.972817e-09,2.24821e-09,0.0,1.5989144e-06,4.7226715,8.972817e-09,2.24821e-09,0.0,1.5989144e-06,0.0,0.0,0.0,0.0,0.0,0.0,0.0,0.0,0.0,0.0,0.0,0.0,0.0,0.0,0.0,1.0095886e-05,1.3884037e-12,9.725894e-15,0.0,7.7904344e-14
196.63423772470588,69.86345,2.4922274e-06,1.1000189e-08,2.2185139e-20,1.7749104e-06,0.0,0.0,0.0,0.0,0.0,60.72839,2.2185139e-20,1.9565755e-12,205.9025,1.1936951e-05,1.9095623e-05,3.0556758e-22,3.3410124e-05,1.368368e-24,2.2905831,4.8071934e-07,9.032009e-09,2.9815654e-23,5.976841e-07,0.0,0.0,0.0,0.0,0.0,4.6566434,8.945243e-09,1.6635434e-09,0.0,1.607455e-06,4.6566434,8.945243e-09,1.6635434e-09,0.0,1.607455e-06,0.0,0.0,0.0,0.0,0.0,0.0,0.0,0.0,0.0,0.0,0.0,0.0,0.0,0.0,0.0,-2.2424007e-05,-1.0732318e-12,9.084231e-16,0.0,1.4175098e-12
199.80555308701463,70.04956,2.4057776e-06,1.0872803e-08,0.0,1.8681283e-06,0.0,0.0,0.0,0.0,0.0,61.53234,0.0,1.9290782e-12,197.25848,1.0249665e-05,2.133615e-05,0.0,3.4390738e-05,4.0337076e-25,2.2747116,3.9590884e-07,8.957032e-09,0.0,6.2762876e-07,0.0,0.0,0.0,0.0,0.0,4.535471,8.1409475e-09,1.9347868e-09,0.0,1.6000803e-06,4.535471,8.1409475e-09,1.9347868e-09,0.0,1.6000803e-06,0.0,0.0,0.0,0.0,0.0,0.0,0.0,0.0,0.0,0.0,0.0,0.0,0.0,0.0,0.0,-2.971664e-05,7.726278e-13,3.2386667e-15,0.0,1.4946746e-13
202.97686844932338,67.054474,2.4902379e-06,8.234782e-11,2.2102413e-20,1.9440145e-06,0.0,0.0,0.0,0.0,0.0,59.01326,2.2102413e-20,1.891558e-12,189.68565,1.193714e-05,1.5617477e-09,3.0562082e-22,3.523799e-05,1.2568487e-17,2.103599,4.8077635e-07,3.6642554e-11,2.9704444e-23,6.5217665e-07,0.0,0.0,0.0,0.0,0.0,4.3593116,8.928923e-09,0.0,0.0,1.5775594e-06,4.3593116,8.928923e-09,0.0,0.0,1.5775594e-06,0.0,0.0,0.0,0.0,0.0,0.0,0.0,0.0,0.0,0.0,0.0,0.0,0.0,0.0,0.0,6.318942e-05,-1.5319899e-13,2.0166994e-17,0.0,-3.221517e-13
206.14818381163212,67.49243,2.1782043e-06,3.1162542e-06,2.0858781e-19,2.0026177e-06,0.0,0.0,0.0,0.0,0.0,59.51223,2.0858781e-19,1.868691e-12,184.00998,1.1806345e-05,1.8400138e-05,7.121232e-21,3.564204e-05,5.475028e-22,2.0432158,4.5292325e-07,3.714144e-07,1.1114846e-21,6.711152e-07,0.0,0.0,0.0,0.0,0.0,4.466055,8.953451e-09,5.293424e-08,0.0,1.5476721e-06,4.466055,8.953451e-09,5.293424e-08,0.0,1.5476721e-06,0.0,0.0,0.0,0.0,0.0,0.0,0.0,0.0,0.0,0.0,0.0,0.0,0.0,0.0,0.0,4.2637053e-05,-3.2001778e-13,7.235773e-13,0.0,-2.093577e-13
209.31949917394087,65.86014,2.3042435e-06,2.4138265e-06,3.488344e-20,2.0483353e-06,0.0,0.0,0.0,0.0,0.0,57.879486,3.4883444e-20,1.8748987e-12,180.66489,1.0492287e-05,1.6760067e-05,1.8059285e-20,3.585394e-05,3.0892967e-22,2.0501423,4.0354746e-07,3.4056922e-07,4.270263e-22,6.86349e-07,0.0,0.0,0.0,0.0,0.0,4.4677153,7.969565e-09,1.6632582e-07,0.0,1.5173209e-06,4.4677153,7.969565e-09,1.6632582e-07,0.0,1.5173209e-06,0.0,0.0,0.0,0.0,0.0,0.0,0.0,0.0,0.0,0.0,0.0,0.0,0.0,0.0,0.0,-4.672911e-07,-7.116584e-13,-4.4356874e-13,0.0,1.2504455e-12
212.49081453624962,63.911438,2.1167482e-06,3.1858929e-06,5.2029324e-20,2.0795355e-06,0.0,0.0,0.0,0.0,0.0,55.973965,5.2029328e-20,1.8998765e-12,178.18399,1.1086342e-05,2.1307875e-05,2.0103072e-20,3.5927016e-05,1.3355786e-22,2.0153794,4.1716063e-07,4.4064953e-07,1.0732974e-21,6.963483e-07,0.0,0.0,0.0,0.0,0.0,4.387127,8.3187786e-09,4.579777e-07,0.0,1.4843381e-06,4.387127,8.3187786e-09,4.579777e-07,0.0,1.4843381e-06,0.0,0.0,0.0,0.0,0.0,0.0,0.0,0.0,0.0,0.0,0.0,0.0,0.0,0.0,0.0,2.5273766e-07,5.7215495e-13,-5.137812e-13,0.0,-6.6191204e-13
215.66212989855836,61.795338,1.8440538e-06,3.1723716e-06,2.731312e-19,2.1007863e-06,0.0,0.0,0.0,0.0,0.0,53.699768,2.731312e-19,1.9237396e-12,176.4308,9.466137e-06,2.2656146e-05,7.394e-20,3.596293e-05,4.6842308e-23,1.9903973,4.1069885e-07,4.4864413e-07,9.138379e-21,7.030578e-07,0.0,0.0,0.0,0.0,0.0,4.5813394,8.220347e-09,7.619086e-07,0.0,1.4536072e-06,4.5813394,8.220347e-09,7.619086e-07,0.0,1.4536072e-06,0.0,0.0,0.0,0.0,0.0,0.0,0.0,0.0,0.0,0.0,0.0,0.0,0.0,0.0,0.0,1.2547476e-05,-7.3423553e-14,8.638821e-13,0.0,-1.0054477e-12
218.8334452608671,60.953255,1.6948773e-06,2.954876e-06,3.5101825e-19,2.112707e-06,0.0,0.0,0.0,0.0,0.0,52.5772,3.5101825e-19,1.9336425e-12,176.8817,8.78098e-06,2.1121165e-05,2.1158479e-19,3.590345e-05,1.419693e-23,1.9897784,3.844808e-07,4.069646e-07,1.60996e-20,7.062745e-07,0.0,0.0,0.0,0.0,0.0,4.820335,7.0263986e-09,1.051776e-06,0.0,1.4297514e-06,4.820335,7.0263986e-09,1.051776e-06,0.0,1.4297514e-06,0.0,0.0,0.0,0.0,0.0,0.0,0.0,0.0,0.0,0.0,0.0,0.0,0.0,0.0,0.0,2.9816292e-06,-7.586868e-13,-8.015486e-13,0.0,4.1086793e-13
222.00476062317586,59.10755,1.799007e-06,3.783808e-06,8.6207486e-19,2.1193928e-06,0.0,0.0,0.0,0.0,0.0,50.419052,8.620749e-19,1.9332383e-12,179.24844,1.0356131e-05,2.9625777e-05,9.841037e-19,3.58515e-05,3.9695398e-24,2.0926056,4.4821874e-07,6.1263e-07,4.8467268e-20,7.077034e-07,0.0,0.0,0.0,0.0,0.0,4.977854,8.26846e-09,1.7834591e-06,0.0,1.4147914e-06,4.977854,8.26846e-09,1.7834591e-06,0.0,1.4147914e-06,0.0,0.0,0.0,0.0,0.0,0.0,0.0,0.0,0.0,0.0,0.0,0.0,0.0,0.0,0.0,5.3496915e-06,4.4385405e-13,2.0503029e-12,0.0,-4.37118e-13
225.1760759854846,58.11882,2.1223932e-06,3.049901e-06,6.4177015e-19,2.121391e-06,0.0,0.0,0.0,0.0,0.0,49.48519,6.4177015e-19,1.9303229e-12,181.9864,1.1101692e-05,3.0785253e-05,8.969653e-19,3.579465e-05,1.0717656e-24,2.08692,4.7934407e-07,5.9264585e-07,4.8592945e-20,7.0740964e-07,0.0,0.0,0.0,0.0,0.0,4.828209,8.747882e-09,1.8101663e-06,0.0,1.405716e-06,4.828209,8.747882e-09,1.8101663e-06,0.0,1.405716e-06,0.0,0.0,0.0,0.0,0.0,0.0,0.0,0.0,0.0,0.0,0.0,0.0,0.0,0.0,0.0,-1.6443664e-05,1.3150424e-13,-1.982274e-14,0.0,4.610334e-13
228.34739134779335,55.126396,1.7082248e-06,2.565789e-06,2.0498053e-18,2.12225e-06,0.0,0.0,0.0,0.0,0.0,46.455498,2.0498053e-18,1.9334157e-12,183.68686,1.0520243e-05,2.6662126e-05,2.0286327e-18,3.5781937e-05,0.0,2.0415938,4.837169e-07,5.088825e-07,1.9434938e-19,7.074125e-07,0.0,0.0,0.0,0.0,0.0,4.837361,9.094082e-09,1.8177191e-06,0.0,1.4024288e-06,4.837361,9.094082e-09,1.8177191e-06,0.0,1.4024288e-06,0.0,0.0,0.0,0.0,0.0,0.0,0.0,0.0,0.0,0.0,0.0,0.0,0.0,0.0,0.0,-3.029767e-06,-1.1118296e-12,-1.8356983e-12,0.0,5.1598694e-13
231.5187067101021,53.2397,2.2880513e-06,2.309963e-06,1.6391842e-18,2.1213782e-06,0.0,0.0,0.0,0.0,0.0,44.518414,1.6391842e-18,1.9486236e-12,185.1301,1.1801697e-05,2.885029e-05,2.4032397e-18,3.5794776e-05,0.0,2.0870867,5.8024733e-07,5.30339e-07,1.8301489e-19,7.074175e-07,0.0,0.0,0.0,0.0,0.0,4.8734245,9.939509e-09,1.8605095e-06,0.0,1.40578e-06,4.8734245,9.939509e-09,1.8605095e-06,0.0,1.40578e-06,0.0,0.0,0.0,0.0,0.0,0.0,0.0,0.0,0.0,0.0,0.0,0.0,0.0,0.0,0.0,-2.3229106e-05,-1.7081881e-12,-1.1304411e-12,0.0,4.802239e-13
234.69002207241084,47.65564,1.4710446e-06,2.4693995e-06,4.1495214e-18,2.119229e-06,0.0,0.0,0.0,0.0,0.0,39.06679,4.1495214e-18,1.9823284e-12,185.65395,9.574076e-06,2.916698e-05,5.2498887e-18,3.58441e-05,0.0,2.0026987,4.2701234e-07,5.781354e-07,5.0505053e-19,7.0766885e-07,0.0,0.0,0.0,0.0,0.0,4.689233,7.6893905e-09,2.3099437e-06,0.0,1.414688e-06,4.689233,7.6893905e-09,2.3099437e-06,0.0,1.414688e-06,0.0,0.0,0.0,0.0,0.0,0.0,0.0,0.0,0.0,0.0,0.0,0.0,0.0,0.0,0.0,1.1821045e-05,1.7025594e-13,-4.555842e-13,0.0,5.833845e-14
237.8613374347196,45.59617,1.3164336e-06,2.3782027e-06,1.8401828e-18,2.112606e-06,0.0,0.0,0.0,0.0,0.0,37.110126,1.8401828e-18,2.0356921e-12,185.23004,9.376359e-06,3.1434043e-05,3.7951303e-18,3.5903257e-05,0.0,2.0290027,4.0210716e-07,6.076787e-07,3.0772365e-19,7.0630654e-07,0.0,0.0,0.0,0.0,0.0,4.756357,7.507795e-09,2.4772025e-06,0.0,1.429903e-06,4.756357,7.507795e-09,2.4772025e-06,0.0,1.429903e-06,0.0,0.0,0.0,0.0,0.0,0.0,0.0,0.0,0.0,0.0,0.0,0.0,0.0,0.0,0.0,1.1102296e-05,3.6563038e-13,4.5457204e-13,0.0,5.1541237e-13
241.03265279702833,43.796314,2.152171e-06,2.2438826e-06,2.944741e-18,2.1002907e-06,0.0,0.0,0.0,0.0,0.0,35.203358,2.944741e-18,2.0996343e-12,185.52269,1.2120431e-05,3.1095085e-05,3.847864e-18,3.5943103e-05,0.0,1.9897773,6.3484794e-07,6.031859e-07,5.583187e-19,7.030122e-07,0.0,0.0,0.0,0.0,0.0,4.9606256,1.117335e-08,2.576775e-06,0.0,1.4534239e-06,4.9606256,1.117335e-08,2.576775e-06,0.0,1.4534239e-06,0.0,0.0,0.0,0.0,0.0,0.0,0.0,0.0,0.0,0.0,0.0,0.0,0.0,0.0,0.0,-2.529996e-06,5.3422e-13,-1.2605893e-12,0.0,3.0441147e-13
244.20396815933708,45.448433,1.5394855e-06,2.2116178e-06,3.8791586e-18,2.0789566e-06,0.0,0.0,0.0,0.0,0.0,36.735622,3.8791586e-18,2.1545654e-12,187.02757,1.012975e-05,2.8495531e-05,1.0801483e-17,3.5918307e-05,0.0,2.0702758,4.7449802e-07,6.1107687e-07,7.8405317e-19,6.964535e-07,0.0,0.0,0.0,0.0,0.0,5.1529036,8.797658e-09,2.6052057e-06,0.0,1.4845518e-06,5.1529036,8.797658e-09,2.6052057e-06,0.0,1.4845518e-06,0.0,0.0,0.0,0.0,0.0,0.0,0.0,0.0,0.0,0.0,0.0,0.0,0.0,0.0,0.0,1.0139192e-05,-9.573622e-13,7.449151e-13,0.0,1.4545104e-12
247.37528352164583,46.50019,1.2942887e-06,1.9534832e-06,5.0576217e-18,2.046734e-06,0.0,0.0,0.0,0.0,0.0,37.75443,5.0576213e-18,2.1876077e-12,189.30183,9.963259e-06,2.870764e-05,5.1996135e-18,3.5819547e-05,0.0,2.1034365,4.4043497e-07,6.028366e-07,1.1346095e-18,6.863353e-07,0.0,0.0,0.0,0.0,0.0,5.213298,8.693431e-09,2.445383e-06,0.0,1.5170243e-06,5.213298,8.693431e-09,2.445383e-06,0.0,1.5170243e-06,0.0,0.0,0.0,0.0,0.0,0.0,0.0,0.0,0.0,0.0,0.0,0.0,0.0,0.0,0.0,-5.767215e-06,-7.229005e-13,2.466543e-13,0.0,-8.8586224e-13
250.54659888395457,49.228485,1.1479051e-06,1.9186482e-06,4.974966e-18,2.000233e-06,0.0,0.0,0.0,0.0,0.0,40.441486,4.974966e-18,2.205342e-12,191.0818,1.0278146e-05,2.9861158e-05,1.18341885e-17,3.561976e-05,0.0,2.1402392,4.1561105e-07,6.477554e-07,1.295027e-18,6.7128855e-07,0.0,0.0,0.0,0.0,0.0,5.206133,8.636794e-09,2.3129837e-06,0.0,1.5475712e-06,5.206133,8.636794e-09,2.3129837e-06,0.0,1.5475712e-06,0.0,0.0,0.0,0.0,0.0,0.0,0.0,0.0,0.0,0.0,0.0,0.0,0.0,0.0,0.0,1.5037367e-05,-1.3779581e-13,1.4535064e-13,0.0,-7.714224e-13
253.71791424626332,52.70347,1.4322427e-06,1.9961747e-06,6.6107956e-18,1.9388071e-06,0.0,0.0,0.0,0.0,0.0,43.84748,6.610796e-18,2.2268966e-12,191.81259,1.06914795e-05,3.0971405e-05,1.1368927e-17,3.516542e-05,0.0,2.2399764,5.0872086e-07,7.1568644e-07,2.0742668e-18,6.520189e-07,0.0,0.0,0.0,0.0,0.0,5.092925,9.8103055e-09,2.3667278e-06,0.0,1.5762548e-06,5.092925,9.8103055e-09,2.3667278e-06,0.0,1.5762548e-06,0.0,0.0,0.0,0.0,0.0,0.0,0.0,0.0,0.0,0.0,0.0,0.0,0.0,0.0,0.0,1.029612e-05,8.0359867e-13,9.930652e-13,0.0,-1.3467951e-13
256.88922960857207,53.302376,1.2319862e-06,1.7134898e-06,1.0068092e-17,1.8592466e-06,0.0,0.0,0.0,0.0,0.0,44.403744,1.0068092e-17,2.2654413e-12,190.31602,9.996231e-06,2.6652484e-05,2.0734741e-17,3.4322522e-05,0.0,2.1306539,4.4000694e-07,6.5196514e-07,2.5900839e-18,6.2740764e-07,0.0,0.0,0.0,0.0,0.0,4.78464,8.872128e-09,2.0525345e-06,0.0,1.5979144e-06,4.78464,8.872128e-09,2.0525345e-06,0.0,1.5979144e-06,0.0,0.0,0.0,0.0,0.0,0.0,0.0,0.0,0.0,0.0,0.0,0.0,0.0,0.0,0.0,2.4064328e-05,-2.9355126e-13,5.278908e-13,0.0,-8.98832e-13
260.0605449708808,53.789078,1.1418425e-06,1.8111757e-06,1.11562015e-17,1.7606634e-06,0.0,0.0,0.0,0.0,0.0,44.8273,1.11562015e-17,2.3057444e-12,187.97249,1.0459368e-05,2.7005883e-05,1.8561076e-17,3.3313485e-05,0.0,2.1283178,4.353813e-07,7.2061886e-07,3.443334e-18,5.9687784e-07,0.0,0.0,0.0,0.0,0.0,4.9709406,9.5113375e-09,2.0699754e-06,0.0,1.6031377e-06,4.9709406,9.5113375e-09,2.0699754e-06,0.0,1.6031377e-06,0.0,0.0,0.0,0.0,0.0,0.0,0.0,0.0,0.0,0.0,0.0,0.0,0.0,0.0,0.0,5.6588324e-06,-4.3381542e-13,6.159889e-13,0.0,5.076733e-13
263.23186033318956,53.749565,9.137484e-07,1.543081e-06,6.1432504e-18,1.6423473e-06,0.0,0.0,0.0,0.0,0.0,44.91736,6.1432504e-18,2.3140092e-12,187.3024,9.167264e-06,2.6782824e-05,2.6409333e-17,3.2260665e-05,0.0,2.0848165,3.6257677e-07,6.636902e-07,2.2175947e-18,5.593789e-07,0.0,0.0,0.0,0.0,0.0,5.051512,7.1555206e-09,1.8385068e-06,0.0,1.5932828e-06,5.051512,7.1555206e-09,1.8385068e-06,0.0,1.5932828e-06,0.0,0.0,0.0,0.0,0.0,0.0,0.0,0.0,0.0,0.0,0.0,0.0,0.0,0.0,0.0,-1.6821461e-05,-5.1523065e-13,2.0515057e-14,0.0,2.0194927e-13
266.4031756954983,53.80583,9.0894565e-07,1.1699485e-06,1.4038478e-17,1.5003548e-06,0.0,0.0,0.0,0.0,0.0,45.10163,1.4038476e-17,2.2661844e-12,187.25092,9.829835e-06,2.3379773e-05,3.0073035e-17,3.086721e-05,0.0,2.1388416,3.738893e-07,5.3946485e-07,5.6288284e-18,5.125779e-07,0.0,0.0,0.0,0.0,0.0,5.0506153,7.692955e-09,1.4186394e-06,0.0,1.561874e-06,5.0506153,7.692955e-09,1.4186394e-06,0.0,1.561874e-06,0.0,0.0,0.0,0.0,0.0,0.0,0.0,0.0,0.0,0.0,0.0,0.0,0.0,0.0,0.0,3.1472882e-06,-3.497423e-13,-7.573626e-13,0.0,-1.2488548e-12
269.57449105780705,52.848606,1.0831839e-06,1.1223649e-06,1.0966438e-17,1.3274598e-06,0.0,0.0,0.0,0.0,0.0,44.353283,1.0966436e-17,2.1576439e-12,186.90019,1.0619537e-05,2.0238227e-05,3.0776658e-17,2.8798928e-05,0.0,2.0831385,4.415436e-07,5.275534e-07,3.8741384e-18,4.5089058e-07,0.0,0.0,0.0,0.0,0.0,4.833117,9.192046e-09,1.3068933e-06,0.0,1.4874332e-06,4.833117,9.192046e-09,1.3068933e-06,0.0,1.4874332e-06,0.0,0.0,0.0,0.0,0.0,0.0,0.0,0.0,0.0,0.0,0.0,0.0,0.0,0.0,0.0,1.9765459e-05,-1.03776796e-13,-3.7360802e-13,0.0,4.69781e-13
272.7458064201158,50.578255,8.5122855e-07,1.1115842e-06,4.484438e-18,1.1383797e-06,0.0,0.0,0.0,0.0,0.0,41.922153,4.484438e-18,1.9958004e-12,185.56316,9.5106825e-06,2.2484255e-05,2.1719619e-17,2.6539188e-05,0.0,2.0113995,3.543509e-07,5.53139e-07,2.057233e-18,3.7955266e-07,0.0,0.0,0.0,0.0,0.0,4.932523,8.877529e-09,1.3733581e-06,0.0,1.3543597e-06,4.932523,8.877529e-09,1.3733581e-06,0.0,1.3543597e-06,0.0,0.0,0.0,0.0,0.0,0.0,0.0,0.0,0.0,0.0,0.0,0.0,0.0,0.0,0.0,-2.2994675e-05,-6.933977e-13,4.109619e-14,0.0,-2.349502e-13
275.91712178242454,49.231785,7.945485e-07,1.2123489e-06,4.367778e-18,9.531493e-07,0.0,0.0,0.0,0.0,0.0,40.13716,4.367778e-18,1.7957699e-12,186.36151,9.690768e-06,2.2548915e-05,2.3134505e-17,2.4483432e-05,0.0,1.9734492,3.5545722e-07,6.1478295e-07,1.6940546e-18,3.0806635e-07,0.0,0.0,0.0,0.0,0.0,5.3768673,8.701704e-09,1.2995015e-06,0.0,1.1681886e-06,5.3768673,8.701704e-09,1.2995015e-06,0.0,1.1681886e-06,0.0,0.0,0.0,0.0,0.0,0.0,0.0,0.0,0.0,0.0,0.0,0.0,0.0,0.0,0.0,-9.529293e-06,2.0669252e-13,9.34712e-13,0.0,-3.6772094e-13
279.0884371447333,49.350838,6.8862767e-07,1.0126281e-06,3.578347e-17,7.854528e-07,0.0,0.0,0.0,0.0,0.0,39.579453,3.5783466e-17,1.5829598e-12,191.49731,1.0102465e-05,2.1671796e-05,1.4986835e-16,2.2544058e-05,0.0,2.0716922,3.221131e-07,5.382287e-07,1.642596e-17,2.4473076e-07,0.0,0.0,0.0,0.0,0.0,6.067278,8.495604e-09,1.1253919e-06,0.0,9.555027e-07,6.067278,8.495604e-09,1.1253919e-06,0.0,9.555027e-07,0.0,0.0,0.0,0.0,0.0,0.0,0.0,0.0,0.0,0.0,0.0,0.0,0.0,0.0,0.0,-1.5677535e-05,-1.5966487e-13,6.2840895e-13,0.0,-8.676474e-14
282.25975250704204,49.857483,6.7177837e-07,1.0401448e-06,1.3041394e-17,6.351736e-07,0.0,0.0,0.0,0.0,0.0,39.3515,1.3041395e-17,1.3821134e-12,201.16948,9.549562e-06,2.3528426e-05,6.502309e-17,2.029907e-05,0.0,2.2744164,3.1173715e-07,5.724487e-07,6.3472476e-18,1.8846568e-07,0.0,0.0,0.0,0.0,0.0,6.5668535,8.5265315e-09,1.169713e-06,0.0,7.420389e-07,6.5668535,8.5265315e-09,1.169713e-06,0.0,7.420389e-07,0.0,0.0,0.0,0.0,0.0,0.0,0.0,0.0,0.0,0.0,0.0,0.0,0.0,0.0,0.0,-5.0898816e-06,-5.2761967e-13,-1.3030851e-13,0.0,1.316415e-13
285.4310678693508,48.6547,6.6143764e-07,7.5544233e-07,1.7247667e-17,5.1547653e-07,0.0,0.0,0.0,0.0,0.0,37.715614,1.7247667e-17,1.2189655e-12,210.9228,9.240481e-06,1.86434e-05,9.209732e-17,1.8168272e-05,0.0,2.3463244,3.0976094e-07,4.292043e-07,9.0482376e-18,1.4488255e-07,0.0,0.0,0.0,0.0,0.0,6.4434137,7.466284e-09,7.7920754e-07,0.0,5.621248e-07,6.4434137,7.466284e-09,7.7920754e-07,0.0,5.621248e-07,0.0,0.0,0.0,0.0,0.0,0.0,0.0,0.0,0.0,0.0,0.0,0.0,0.0,0.0,0.0,1.8873718e-05,-7.405512e-14,-5.2431985e-13,0.0,2.2891275e-14
288.60238323165953,47.45169,5.4378575e-07,6.8459366e-07,8.881645e-18,3.9875798e-07,0.0,0.0,0.0,0.0,0.0,36.1377,8.881645e-18,1.0963721e-12,217.49722,9.566966e-06,1.747787e-05,8.012054e-17,1.3606359e-05,0.0,2.4484959,2.598079e-07,3.9951672e-07,4.8771996e-18,9.761173e-08,0.0,0.0,0.0,0.0,0.0,6.507946,7.1417463e-09,7.9472e-07,0.0,3.8357496e-07,6.507946,7.1417463e-09,7.9472e-07,0.0,3.8357496e-07,0.0,0.0,0.0,0.0,0.0,0.0,0.0,0.0,0.0,0.0,0.0,0.0,0.0,0.0,0.0,4.2514876e-07,3.2572583e-13,-3.60342e-13,0.0,9.3834615e-15
291.7736985939683,48.182667,5.062094e-07,6.096266e-07,2.2871501e-17,3.2437578e-07,0.0,0.0,0.0,0.0,0.0,36.67624,2.2871501e-17,1.0151919e-12,222.23897,8.506566e-06,2.0072534e-05,1.6605816e-16,9.3587e-06,0.0,2.581544,2.4312098e-07,3.7085942e-07,1.2592789e-17,6.988736e-08,0.0,0.0,0.0,0.0,0.0,6.492579,5.8278076e-09,7.4858247e-07,0.0,2.6351177e-07,6.492579,5.8278076e-09,7.4858247e-07,0.0,2.6351177e-07,0.0,0.0,0.0,0.0,0.0,0.0,0.0,0.0,0.0,0.0,0.0,0.0,0.0,0.0,0.0,-5.7858415e-07,4.702624e-13,-1.72372e-13,0.0,6.299906e-14
294.945013956277,47.730343,6.957686e-07,5.641251e-07,7.352726e-18,2.901913e-07,0.0,0.0,0.0,0.0,0.0,36.34939,7.352726e-18,9.722722e-13,223.53867,1.01992455e-05,1.8273138e-05,4.3563252e-17,8.017113e-06,0.0,2.509866,3.3464764e-07,3.4901296e-07,4.1231173e-18,6.1636264e-08,0.0,0.0,0.0,0.0,0.0,6.0454445,8.716221e-09,6.238966e-07,0.0,2.1591856e-07,6.0454445,8.716221e-09,6.238966e-07,0.0,2.1591856e-07,0.0,0.0,0.0,0.0,0.0,0.0,0.0,0.0,0.0,0.0,0.0,0.0,0.0,0.0,0.0,1.393049e-05,6.157107e-13,-1.0211914e-14,0.0,-1.8108028e-13
298.11632931858577,49.125984,6.6036046e-07,6.4699435e-07,2.009006e-17,2.7160888e-07,0.0,0.0,0.0,0.0,0.0,37.929543,2.009006e-17,9.570862e-13,220.6889,1.1267624e-05,1.9219373e-05,1.1161757e-16,7.7806435e-06,0.0,2.443643,3.2083145e-07,4.043296e-07,1.0704902e-17,5.869085e-08,0.0,0.0,0.0,0.0,0.0,5.701001,8.420635e-09,6.7220253e-07,0.0,1.9441684e-07,5.701001,8.420635e-09,6.7220253e-07,0.0,1.9441684e-07,0.0,0.0,0.0,0.0,0.0,0.0,0.0,0.0,0.0,0.0,0.0,0.0,0.0,0.0,0.0,4.551024e-06,3.5596862e-13,3.955271e-14,0.0,1.7240677e-13
301.2876446808945,48.766136,5.2461485e-07,5.3220657e-07,8.445269e-18,2.630719e-07,0.0,0.0,0.0,0.0,0.0,37.514946,8.445269e-18,9.601634e-13,216.86833,9.963138e-06,1.9409246e-05,5.668077e-17,7.731152e-06,0.0,2.3813863,2.625727e-07,3.4336102e-07,4.8848713e-18,5.77213e-08,0.0,0.0,0.0,0.0,0.0,5.821661,7.532311e-09,6.4514484e-07,0.0,1.8386072e-07,5.821661,7.532311e-09,6.4514484e-07,0.0,1.8386072e-07,0.0,0.0,0.0,0.0,0.0,0.0,0.0,0.0,0.0,0.0,0.0,0.0,0.0,0.0,0.0,1.7715385e-05,-3.8660476e-13,7.502964e-15,0.0,-9.296032e-14
304.45896004320326,51.037262,4.6104964e-07,5.2236135e-07,1.5590859e-17,1.904977e-07,0.0,0.0,0.0,0.0,0.0,39.644375,1.5590859e-17,1.2196829e-12,215.50572,1.0472056e-05,1.7960667e-05,1.2414512e-16,7.735669e-06,0.0,2.353378,2.3374758e-07,3.4027303e-07,8.528972e-18,4.4807187e-08,0.0,0.0,0.0,0.0,0.0,6.0735207,7.2396755e-09,5.862254e-07,0.0,1.1093318e-07,6.0735207,7.2396755e-09,5.862254e-07,0.0,1.1093318e-07,0.0,0.0,0.0,0.0,0.0,0.0,0.0,0.0,0.0,0.0,0.0,0.0,0.0,0.0,0.0,5.0290255e-06,1.1356667e-13,-3.4593915e-13,0.0,-3.6840146e-14
307.630275405512,55.26494,5.53998e-07,4.6425015e-07,2.0153562e-17,1.9427178e-07,0.0,0.0,0.0,0.0,0.0,43.849228,2.015356e-17,1.2479917e-12,217.54918,1.112255e-05,1.9198813e-05,1.2949008e-16,7.759092e-06,0.0,2.399113,2.8371147e-07,3.1011555e-07,1.1502927e-17,4.5226884e-08,0.0,0.0,0.0,0.0,0.0,6.3271885,8.233724e-09,5.993743e-07,0.0,1.14081054e-07,6.3271885,8.233724e-09,5.993743e-07,0.0,1.14081054e-07,0.0,0.0,0.0,0.0,0.0,0.0,0.0,0.0,0.0,0.0,0.0,0.0,0.0,0.0,0.0,2.4342444e-07,5.1137425e-13,-7.200814e-14,0.0,-1.3982568e-13
310.80159076782076,61.87264,4.1586753e-07,4.7688377e-07,1.5808752e-17,2.0447399e-07,0.0,0.0,0.0,0.0,0.0,50.67959,1.5808752e-17,1.3066797e-12,220.70923,1.0178404e-05,2.0014153e-05,1.7519095e-16,7.836574e-06,0.0,2.507207,2.1896447e-07,3.2290944e-07,9.1687925e-18,4.639784e-08,0.0,0.0,0.0,0.0,0.0,6.197399,6.0386096e-09,6.453169e-07,0.0,1.2239647e-07,6.197399,6.0386096e-09,6.453169e-07,0.0,1.2239647e-07,0.0,0.0,0.0,0.0,0.0,0.0,0.0,0.0,0.0,0.0,0.0,0.0,0.0,0.0,0.0,-2.2118911e-06,-1.1426552e-13,2.2061053e-13,0.0,-2.561158e-13
313.9729061301295,64.92226,3.5955745e-07,3.4145575e-07,1.7903232e-17,2.2209574e-07,0.0,0.0,0.0,0.0,0.0,53.783516,1.790323e-17,1.4006934e-12,221.60295,1.0103267e-05,1.569224e-05,1.6367051e-16,8.118313e-06,0.0,2.5817971,1.9120762e-07,2.3509541e-07,1.097304e-17,4.8619516e-08,0.0,0.0,0.0,0.0,0.0,5.942366,6.768276e-09,4.858127e-07,0.0,1.3750996e-07,5.942366,6.768276e-09,4.858127e-07,0.0,1.3750996e-07,0.0,0.0,0.0,0.0,0.0,0.0,0.0,0.0,0.0,0.0,0.0,0.0,0.0,0.0,0.0,-6.8052323e-06,-6.873904e-14,-3.7364616e-13,0.0,1.6814704e-13
317.14422149243825,67.134476,4.4968326e-07,3.2607272e-07,1.1376493e-17,2.5544603e-07,0.0,0.0,0.0,0.0,0.0,56.22449,1.1376494e-17,1.5330965e-12,218.91057,1.0330597e-05,1.5872965e-05,1.2176411e-16,9.48249e-06,0.0,2.586853,2.3529694e-07,2.2734464e-07,7.518015e-18,5.6269997e-08,0.0,0.0,0.0,0.0,0.0,5.6057096,6.8022326e-09,4.255113e-07,0.0,1.7740628e-07,5.6057096,6.8022326e-09,4.255113e-07,0.0,1.7740628e-07,0.0,0.0,0.0,0.0,0.0,0.0,0.0,0.0,0.0,0.0,0.0,0.0,0.0,0.0,0.0,2.5096815e-06,2.886339e-13,-8.5041105e-14,0.0,-2.6116647e-13
320.315536854747,64.625916,3.9714223e-07,3.0975784e-07,8.302587e-18,3.3738462e-07,0.0,0.0,0.0,0.0,0.0,54.042145,8.302586e-18,1.6955068e-12,214.01726,1.0615622e-05,1.5668948e-05,1.5571475e-16,1.3610099e-05,0.0,2.4166467,2.0627385e-07,2.1830309e-07,5.4140915e-18,8.676697e-08,0.0,0.0,0.0,0.0,0.0,5.4309406,6.7721473e-09,3.9937908e-07,0.0,2.9350676e-07,5.4309406,6.7721473e-09,3.9937908e-07,0.0,2.9350676e-07,0.0,0.0,0.0,0.0,0.0,0.0,0.0,0.0,0.0,0.0,0.0,0.0,0.0,0.0,0.0,-1.0674819e-05,3.3444493e-14,-5.784422e-15,0.0,-9.208538e-14
323.48685221705574,65.37669,3.5829243e-07,2.998753e-07,1.8611147e-17,4.5548487e-07,0.0,0.0,0.0,0.0,0.0,54.771927,1.8611147e-17,1.8767726e-12,210.22348,1.0333558e-05,1.6763732e-05,2.2394686e-16,1.7924136e-05,0.0,2.4126325,1.8865725e-07,2.1438791e-07,1.2228587e-17,1.3118967e-07,0.0,0.0,0.0,0.0,0.0,5.774107,6.68192e-09,3.825161e-07,0.0,4.4977045e-07,5.774107,6.68192e-09,3.825161e-07,0.0,4.4977045e-07,0.0,0.0,0.0,0.0,0.0,0.0,0.0,0.0,0.0,0.0,0.0,0.0,0.0,0.0,0.0,9.504962e-06,-3.2642488e-14,4.6995705e-14,0.0,6.6352285e-14
326.6581675793645,61.581573,2.6222406e-07,2.7853156e-07,2.6766881e-17,5.583818e-07,0.0,0.0,0.0,0.0,0.0,51.123672,2.676688e-17,2.081513e-12,208.44293,9.5107225e-06,1.6937684e-05,3.1797564e-16,2.0063366e-05,0.0,2.430956,1.4595287e-07,2.0204959e-07,1.7944734e-17,1.6311313e-07,0.0,0.0,0.0,0.0,0.0,5.6104894,4.854066e-09,4.5364078e-07,0.0,5.7540933e-07,5.6104894,4.854066e-09,4.5364078e-07,0.0,5.7540933e-07,0.0,0.0,0.0,0.0,0.0,0.0,0.0,0.0,0.0,0.0,0.0,0.0,0.0,0.0,0.0,1.3061799e-07,-2.3993462e-13,6.489224e-14,0.0,-3.5766648e-13
329.82948294167323,61.06634,3.2496337e-07,2.4193204e-07,2.4414626e-17,6.8194004e-07,0.0,0.0,0.0,0.0,0.0,50.836685,2.4414626e-17,2.2723958e-12,206.46179,1.0270947e-05,1.487167e-05,3.406991e-16,2.2621365e-05,0.0,2.389383,1.7535547e-07,1.7650368e-07,1.7004488e-17,2.0339822e-07,0.0,0.0,0.0,0.0,0.0,5.5795693,6.3265615e-09,3.1555118e-07,0.0,7.124586e-07,5.5795693,6.3265615e-09,3.1555118e-07,0.0,7.124586e-07,0.0,0.0,0.0,0.0,0.0,0.0,0.0,0.0,0.0,0.0,0.0,0.0,0.0,0.0,0.0,3.389956e-06,1.9558848e-14,1.7929031e-14,0.0,2.000374e-14
333.000798303982,55.386326,2.693402e-07,2.496522e-07,3.9692394e-18,8.15546e-07,0.0,0.0,0.0,0.0,0.0,45.22483,3.9692394e-18,2.4019437e-12,205.53726,9.062201e-06,1.7558617e-05,7.8741705e-17,2.5344943e-05,0.0,2.3188624,1.5154954e-07,1.8482676e-07,2.862234e-18,2.479982e-07,0.0,0.0,0.0,0.0,0.0,5.6705503,4.897645e-09,3.8001838e-07,0.0,8.441337e-07,5.6705503,4.897645e-09,3.8001838e-07,0.0,8.441337e-07,0.0,0.0,0.0,0.0,0.0,0.0,0.0,0.0,0.0,0.0,0.0,0.0,0.0,0.0,0.0,2.185814e-06,-4.9539142e-14,-2.1430294e-13,0.0,6.6071367e-13
336.1721136662907,55.30143,2.7741535e-07,2.1141136e-07,4.682057e-17,9.617992e-07,0.0,0.0,0.0,0.0,0.0,45.02206,4.6820573e-17,2.4860019e-12,205.3008,9.975776e-06,1.5842923e-05,5.8061165e-16,2.8430004e-05,0.0,2.2984395,1.50746e-07,1.5811844e-07,3.200216e-17,2.9914546e-07,0.0,0.0,0.0,0.0,0.0,5.720309,5.164557e-09,3.7041133e-07,0.0,9.741366e-07,5.720309,5.164557e-09,3.7041133e-07,0.0,9.741366e-07,0.0,0.0,0.0,0.0,0.0,0.0,0.0,0.0,0.0,0.0,0.0,0.0,0.0,0.0,0.0,1.0672957e-06,8.4196566e-14,-6.782677e-14,0.0,1.1659022e-13
339.3434290285995,49.78489,3.3270385e-07,1.891957e-07,3.105264e-17,1.106064e-06,0.0,0.0,0.0,0.0,0.0,39.357876,3.105264e-17,2.6058383e-12,206.20905,1.1750319e-05,1.5990076e-05,4.2794042e-16,3.1335647e-05,0.0,2.208486,1.8493735e-07,1.4277157e-07,2.2086095e-17,3.492608e-07,0.0,0.0,0.0,0.0,0.0,5.8296547,6.3418417e-09,2.839276e-07,0.0,1.0998117e-06,5.8296547,6.3418417e-09,2.839276e-07,0.0,1.0998117e-06,0.0,0.0,0.0,0.0,0.0,0.0,0.0,0.0,0.0,0.0,0.0,0.0,0.0,0.0,0.0,5.2622054e-06,4.917433e-15,8.32258e-15,0.0,-2.4271234e-13
342.5147443909082,50.02425,2.591558e-07,2.0376035e-07,1.434904e-18,1.2423204e-06,0.0,0.0,0.0,0.0,0.0,39.42484,1.434904e-18,2.8698899e-12,209.22552,1.0285321e-05,1.7050093e-05,3.0415967e-17,3.391528e-05,0.0,2.1727142,1.4737185e-07,1.5475365e-07,1.0217639e-18,3.9471178e-07,0.0,0.0,0.0,0.0,0.0,6.0674934,4.8360915e-09,3.4565676e-07,0.0,1.2252588e-06,6.0674934,4.8360915e-09,3.4565676e-07,0.0,1.2252588e-06,0.0,0.0,0.0,0.0,0.0,0.0,0.0,0.0,0.0,0.0,0.0,0.0,0.0,0.0,0.0,9.16468e-06,-2.6950908e-13,2.57815e-13,0.0,-5.4874036e-13
345.68605975321697,46.61691,2.3545635e-07,1.7287269e-07,1.4177705e-17,1.3623892e-06,0.0,0.0,0.0,0.0,0.0,35.603695,1.4177704e-17,3.372001e-12,214.7562,1.1144816e-05,1.5745958e-05,2.4600156e-16,3.6023586e-05,0.0,2.168074,1.3405133e-07,1.3236891e-07,1.0015869e-17,4.3163388e-07,0.0,0.0,0.0,0.0,0.0,6.4621515,4.8166084e-09,2.8538324e-07,0.0,1.3406525e-06,6.4621515,4.8166084e-09,2.8538324e-07,0.0,1.3406525e-06,0.0,0.0,0.0,0.0,0.0,0.0,0.0,0.0,0.0,0.0,0.0,0.0,0.0,0.0,0.0,-1.0745134e-05,-1.2013556e-14,1.6189043e-14,0.0,-4.3770147e-13
348.8573751155257,47.016216,2.1308452e-07,1.6836512e-07,6.320899e-18,1.4749983e-06,0.0,0.0,0.0,0.0,0.0,35.047245,6.3208986e-18,4.0432917e-12,223.14044,1.0020148e-05,1.6509668e-05,7.7611683e-17,3.7857168e-05,0.0,2.3084207,1.2329347e-07,1.2987194e-07,4.5809204e-18,4.656044e-07,0.0,0.0,0.0,0.0,0.0,7.105051,3.8634864e-09,2.7006945e-07,0.0,1.4565969e-06,7.105051,3.8634864e-09,2.7006945e-07,0.0,1.4565969e-06,0.0,0.0,0.0,0.0,0.0,0.0,0.0,0.0,0.0,0.0,0.0,0.0,0.0,0.0,0.0,-2.5278423e-06,2.3463108e-13,8.7858885e-14,0.0,1.0870059e-13
352.02869047783446,44.53736,2.0080444e-07,1.4193839e-07,1.1259948e-17,1.5736662e-06,0.0,0.0,0.0,0.0,0.0,31.733597,1.1259948e-17,4.6598263e-12,234.65973,1.0021052e-05,1.4904913e-05,1.7604708e-16,3.9228955e-05,0.0,2.5070615,1.17695e-07,1.10102505e-07,8.220239e-18,4.9297427e-07,0.0,0.0,0.0,0.0,0.0,7.5336323,4.14268e-09,2.0040602e-07,0.0,1.5688365e-06,7.5336323,4.14268e-09,2.0040602e-07,0.0,1.5688365e-06,0.0,0.0,0.0,0.0,0.0,0.0,0.0,0.0,0.0,0.0,0.0,0.0,0.0,0.0,0.0,-1.1041062e-05,9.321943e-14,-3.0716007e-14,0.0,1.43297e-13
355.2000058401432,45.044376,2.1796887e-07,1.4591782e-07,1.6143396e-17,1.658541e-06,0.0,0.0,0.0,0.0,0.0,32.035263,1.6143396e-17,5.047074e-12,245.21225,1.1563398e-05,1.609378e-05,2.54825e-16,4.009044e-05,0.0,2.7102394,1.271292e-07,1.1399933e-07,1.18252285e-17,5.120596e-07,0.0,0.0,0.0,0.0,0.0,7.196581,4.7973456e-09,2.324705e-07,0.0,1.6898787e-06,7.196581,4.7973456e-09,2.324705e-07,0.0,1.6898787e-06,0.0,0.0,0.0,0.0,0.0,0.0,0.0,0.0,0.0,0.0,0.0,0.0,0.0,0.0,0.0,-1.1093216e-06,-1.431595e-13,-9.789025e-15,0.0,-1.3134929e-12
358.37132120245195,43.412964,1.6675764e-07,1.1781793e-07,5.8121455e-17,1.7313337e-06,0.0,0.0,0.0,0.0,0.0,30.588217,5.812146e-17,5.1550873e-12,248.80609,9.399702e-06,1.4754038e-05,1.0679864e-15,4.0507643e-05,0.0,2.6207333,9.877655e-08,9.2773966e-08,4.2598478e-17,5.258149e-07,0.0,0.0,0.0,0.0,0.0,6.7106705,3.719057e-09,1.932319e-07,0.0,1.8197331e-06,6.7106705,3.719057e-09,1.932319e-07,0.0,1.8197331e-06,0.0,0.0,0.0,0.0,0.0,0.0,0.0,0.0,0.0,0.0,0.0,0.0,0.0,0.0,0.0,5.33415e-06,-6.1608765e-14,-5.409818e-14,0.0,-1.8822812e-13
361.5426365647607,46.74151,1.7344837e-07,1.0847357e-07,6.816597e-17,1.8009075e-06,0.0,0.0,0.0,0.0,0.0,34.05627,6.816596e-17,5.0384957e-12,247.15283,9.786438e-06,1.4190237e-05,1.4785686e-15,4.083364e-05,0.0,2.7266464,1.0198568e-07,8.590175e-08,5.0389434e-17,5.4053754e-07,0.0,0.0,0.0,0.0,0.0,6.540409,3.5840877e-09,1.576795e-07,0.0,1.943703e-06,6.540409,3.5840877e-09,1.576795e-07,0.0,1.943703e-06,0.0,0.0,0.0,0.0,0.0,0.0,0.0,0.0,0.0,0.0,0.0,0.0,0.0,0.0,0.0,-1.5364261e-05,1.7991695e-13,-8.886121e-15,0.0,1.3440392e-12
364.71395192706944,41.927246,1.64154e-07,9.68366e-08,1.0757715e-17,1.8597984e-06,0.0,0.0,0.0,0.0,0.0,29.809784,1.07577155e-17,4.762843e-12,243.03793,9.637874e-06,1.36298695e-05,2.819081e-16,4.0938798e-05,0.0,2.6404102,9.6381356e-08,7.722208e-08,8.001415e-18,5.5137406e-07,0.0,0.0,0.0,0.0,0.0,6.129274,3.4864338e-09,1.4778891e-07,0.0,2.047001e-06,6.129274,3.4864338e-09,1.4778891e-07,0.0,2.047001e-06,0.0,0.0,0.0,0.0,0.0,0.0,0.0,0.0,0.0,0.0,0.0,0.0,0.0,0.0,0.0,4.7851354e-06,3.18297e-14,-8.418054e-15,0.0,6.5628015e-13
367.8852672893782,41.58656,1.6780665e-07,1.04742426e-07,2.07869e-17,1.9079507e-06,0.0,0.0,0.0,0.0,0.0,30.109455,2.07869e-17,4.425066e-12,237.35915,1.1543433e-05,1.5890917e-05,6.989534e-16,4.082515e-05,0.0,2.4744792,1.0081271e-07,8.405539e-08,1.561234e-17,5.57974e-07,0.0,0.0,0.0,0.0,0.0,6.0221786,3.6063241e-09,1.5652472e-07,0.0,2.1342578e-06,6.0221786,3.6063241e-09,1.5652472e-07,0.0,2.1342578e-06,0.0,0.0,0.0,0.0,0.0,0.0,0.0,0.0,0.0,0.0,0.0,0.0,0.0,0.0,0.0,5.6480058e-06,2.3521885e-13,3.08518e-14,0.0,-1.0368542e-12
371.05658265168694,42.482285,1.5768778e-07,8.7493326e-08,7.12169e-18,1.9431043e-06,0.0,0.0,0.0,0.0,0.0,31.341757,7.121691e-18,4.1272845e-12,232.70396,1.0824347e-05,1.452104e-05,1.7676189e-16,4.0561175e-05,0.0,2.384964,9.598671e-08,7.0670886e-08,5.538193e-18,5.603961e-07,0.0,0.0,0.0,0.0,0.0,6.0812902,3.3238439e-09,1.319558e-07,0.0,2.2038612e-06,6.0812902,3.3238439e-09,1.319558e-07,0.0,2.2038612e-06,0.0,0.0,0.0,0.0,0.0,0.0,0.0,0.0,0.0,0.0,0.0,0.0,0.0,0.0,0.0,4.922389e-06,1.13192564e-13,7.9395325e-14,0.0,9.169473e-13
374.2278980139957,47.205288,1.16893126e-07,8.0302264e-08,2.0934232e-17,1.9681422e-06,0.0,0.0,0.0,0.0,0.0,36.34413,2.0934232e-17,3.9312442e-12,228.97455,8.745913e-06,1.406869e-05,4.4886256e-16,4.03075e-05,0.0,2.424049,7.238402e-08,6.5244635e-08,1.5840459e-17,5.61375e-07,0.0,0.0,0.0,0.0,0.0,5.9638934,2.653699e-09,1.2689364e-07,0.0,2.256326e-06,5.9638934,2.653699e-09,1.2689364e-07,0.0,2.256326e-06,0.0,0.0,0.0,0.0,0.0,0.0,0.0,0.0,0.0,0.0,0.0,0.0,0.0,0.0,0.0,8.461997e-06,-8.6446204e-14,2.5905175e-14,0.0,7.390758e-13
377.39921337630443,52.01478,1.2999425e-07,8.882451e-08,3.2609276e-17,1.9814593e-06,0.0,0.0,0.0,0.0,0.0,41.463867,3.260928e-17,3.8374096e-12,224.1555,9.806871e-06,1.6582599e-05,1.0094443e-15,4.009158e-05,0.0,2.4237409,8.078491e-08,7.2468005e-08,2.4981708e-17,5.611198e-07,0.0,0.0,0.0,0.0,0.0,5.6171846,2.8744995e-09,1.2995163e-07,0.0,2.2872066e-06,5.6171846,2.8744995e-09,1.2995163e-07,0.0,2.2872066e-06,0.0,0.0,0.0,0.0,0.0,0.0,0.0,0.0,0.0,0.0,0.0,0.0,0.0,0.0,0.0,6.394577e-06,7.653863e-14,2.1820619e-14,0.0,1.7700352e-12
380.5705287386132,52.692173,1.200101e-07,6.7000116e-08,4.103195e-17,1.984762e-06,0.0,0.0,0.0,0.0,0.0,42.61133,4.103195e-17,3.833883e-12,217.92282,1.01474625e-05,1.3453453e-05,1.1554277e-15,4.0006755e-05,0.0,2.2923446,7.404209e-08,5.4958686e-08,3.1659564e-17,5.610402e-07,0.0,0.0,0.0,0.0,0.0,5.235058,2.5511036e-09,1.0431466e-07,0.0,2.295843e-06,5.235058,2.5511036e-09,1.0431466e-07,0.0,2.295843e-06,0.0,0.0,0.0,0.0,0.0,0.0,0.0,0.0,0.0,0.0,0.0,0.0,0.0,0.0,0.0,-1.3135374e-05,-5.670601e-15,5.713512e-14,0.0,7.270462e-13
383.7418441009219,54.70218,9.914763e-08,6.784907e-08,3.2913593e-17,1.9770655e-06,0.0,0.0,0.0,0.0,0.0,44.647873,3.291359e-17,3.9124134e-12,211.05437,8.744867e-06,1.4569517e-05,9.932502e-16,4.005939e-05,0.0,2.3190198,6.1867446e-08,5.5927778e-08,2.5555899e-17,5.607845e-07,0.0,0.0,0.0,0.0,0.0,5.2717566,2.1860704e-09,1.014666e-07,0.0,2.2819067e-06,5.2717566,2.1860704e-09,1.014666e-07,0.0,2.2819067e-06,0.0,0.0,0.0,0.0,0.0,0.0,0.0,0.0,0.0,0.0,0.0,0.0,0.0,0.0,0.0,-1.0377262e-05,-6.262582e-14,9.298809e-15,0.0,7.626033e-13
386.91315946323067,52.018417,1.01462625e-07,7.05692e-08,1.1650011e-17,1.9595573e-06,0.0,0.0,0.0,0.0,0.0,42.25103,1.165001e-17,4.0889262e-12,206.11716,1.08155555e-05,1.5965084e-05,6.205028e-16,4.024893e-05,0.0,2.2907648,6.496052e-08,5.8364897e-08,9.14718e-18,5.6060213e-07,0.0,0.0,0.0,0.0,0.0,5.143923,2.2528628e-09,9.89279e-08,0.0,2.2459944e-06,5.143923,2.2528628e-09,9.89279e-08,0.0,2.2459944e-06,0.0,0.0,0.0,0.0,0.0,0.0,0.0,0.0,0.0,0.0,0.0,0.0,0.0,0.0,0.0,2.765411e-05,-1.2767379e-13,2.6410442e-14,0.0,4.631585e-13
390.0844748255394,46.99689,1.12672346e-07,5.8965476e-08,1.9546202e-17,1.9317138e-06,0.0,0.0,0.0,0.0,0.0,37.405693,1.9546202e-17,4.3836454e-12,202.105,1.03802995e-05,1.3801284e-05,7.0335557e-16,4.0512088e-05,0.0,2.1351843,7.0005676e-08,4.901718e-08,1.5543468e-17,5.5953785e-07,0.0,0.0,0.0,0.0,0.0,5.166955,2.4225746e-09,9.3763894e-08,0.0,2.190648e-06,5.166955,2.4225746e-09,9.3763894e-08,0.0,2.190648e-06,0.0,0.0,0.0,0.0,0.0,0.0,0.0,0.0,0.0,0.0,0.0,0.0,0.0,0.0,0.0,3.2101525e-07,-1.1290887e-13,-2.2889305e-14,0.0,-1.4191189e-12
393.25579018784816,42.04933,1.0458453e-07,5.765439e-08,2.0876166e-17,1.8936423e-06,0.0,0.0,0.0,0.0,0.0,32.373642,2.0876166e-17,4.7918293e-12,200.68784,9.97677e-06,1.3759742e-05,1.0645548e-15,4.0779105e-05,0.0,2.1213965,6.4900725e-08,4.808699e-08,1.6307571e-17,5.5667357e-07,0.0,0.0,0.0,0.0,0.0,5.469798,2.3811313e-09,8.8794785e-08,0.0,2.117681e-06,5.469798,2.3811313e-09,8.8794785e-08,0.0,2.117681e-06,0.0,0.0,0.0,0.0,0.0,0.0,0.0,0.0,0.0,0.0,0.0,0.0,0.0,0.0,0.0,1.792796e-08,-1.3379949e-13,-9.02239e-15,0.0,3.5289832e-13
396.4271055501569,38.129597,8.909926e-08,5.719574e-08,1.07858686e-17,1.8442222e-06,0.0,0.0,0.0,0.0,0.0,28.082916,1.0785868e-17,5.2631597e-12,202.39632,1.0751043e-05,1.4935336e-05,5.7830666e-16,4.09184e-05,0.0,2.1006281,5.746267e-08,4.7894424e-08,8.441011e-18,5.502725e-07,0.0,0.0,0.0,0.0,0.0,5.8122387,1.7807206e-09,9.59976e-08,0.0,2.0298344e-06,5.8122387,1.7807206e-09,9.59976e-08,0.0,2.0298344e-06,0.0,0.0,0.0,0.0,0.0,0.0,0.0,0.0,0.0,0.0,0.0,0.0,0.0,0.0,0.0,2.1257147e-06,-1.3872727e-13,2.1943601e-14,0.0,1.151976e-12
399.59842091246566,37.5109,8.269887e-08,4.5590888e-08,2.3489628e-17,1.7829062e-06,0.0,0.0,0.0,0.0,0.0,26.971237,2.3489627e-17,5.7225327e-12,206.6123,1.0389493e-05,1.2431756e-05,7.5918e-16,4.0798135e-05,0.0,2.1708663,5.3342344e-08,3.832007e-08,1.8920827e-17,5.390042e-07,0.0,0.0,0.0,0.0,0.0,6.0294333,1.789924e-09,8.1794944e-08,0.0,1.923711e-06,6.0294333,1.789924e-09,8.1794944e-08,0.0,1.923711e-06,0.0,0.0,0.0,0.0,0.0,0.0,0.0,0.0,0.0,0.0,0.0,0.0,0.0,0.0,0.0,7.21775e-09,-3.7623367e-14,2.593642e-14,0.0,-1.0250508e-13
400.0043492788412,37.677597,2.484197e-08,5.3188298e-08,1.759041e-10,1.7129995e-06,0.0,0.0,0.0,0.0,0.0,27.072811,6.8764525e-13,6.064434e-12,207.25217,6.068886e-06,1.4087146e-05,5.583197e-08,4.0461447e-05,0.0,2.1800208,1.9052301e-08,4.480232e-08,1.3876791e-10,5.2483927e-07,0.0,0.0,0.0,0.0,0.0,6.065778,9.18488e-09,1.04178056e-07,-1.66075e-14,1.8000119e-06,6.065778,9.18488e-09,1.04178056e-07,-1.66075e-14,1.8000119e-06,0.0,0.0,0.0,0.0,0.0,0.0,0.0,0.0,0.0,0.0,0.0,0.0,0.0,0.0,0.0,-8.595409e-06,-9.1478195e-15,-1.851782e-14,-2.3410156e-16,1.3994006e-13
